Date,Location,MinTemp,MaxTemp,Rainfall,WindSpeed,Humidity,Pressure,RainTomorrow,Evaporation,Sunshine,WindGustSpeed,WindSpeed9am,WindSpeed3pm,Humidity9am,Humidity3pm,Pressure9am,Pressure3pm,Cloud9am,Cloud3pm,Temp9am,Temp3pm,RainToday
2024-01-01,Mumbai,15.0,29.9,0.0,15.0,68.5,1008.4,Yes,2.5,13.6,28.5,10.9,15.7,66.9,82.9,1008.6,1010.4,4.1,2.7,16.1,26.1,No
2024-01-01,Indore,17.1,26.0,0.3,25.8,35.5,1011.3,No,3.7,5.5,38.6,23.9,25.1,27.8,35.3,1008.6,1013.2,2.7,2.4,21.8,22.8,No
2024-01-01,Thiruvananthapuram,19.3,30.0,0.4,19.7,75.4,1008.9,No,11.7,8.5,33.8,15.5,17.0,61.0,70.2,1008.7,1006.9,0.1,1.2,23.2,26.7,No
2024-01-01,Delhi,18.3,32.6,0.2,14.3,56.0,993.3,No,8.7,9.3,33.1,11.2,14.6,54.4,70.1,996.3,994.4,1.4,1.5,19.5,29.5,No
2024-01-01,Jaipur,7.7,17.1,0.3,8.5,28.1,1014.3,No,8.0,7.6,21.5,8.3,8.8,37.4,38.9,1015.7,1012.4,0.6,2.7,9.5,14.8,No
2024-01-02,Goa,18.7,33.1,0.2,29.1,66.5,1024.0,No,4.5,7.0,43.6,22.8,23.7,72.8,64.1,1021.4,1022.0,5.4,1.4,20.3,30.6,No
2024-01-02,Delhi,26.7,34.1,0.4,20.8,56.9,1002.9,No,8.3,7.5,32.2,19.8,19.3,48.4,38.3,1004.0,1003.6,0.1,3.1,28.6,31.2,No
2024-01-02,Patna,8.8,20.7,0.2,28.1,56.6,994.0,Yes,10.8,3.6,48.0,26.6,28.7,60.1,45.1,991.6,996.3,5.4,3.8,11.2,18.7,No
2024-01-02,Ahmedabad,23.8,37.8,0.0,27.5,56.0,995.7,No,8.1,0.1,39.0,24.7,22.0,46.7,55.3,997.5,996.2,1.3,4.3,25.7,35.8,No
2024-01-03,Chennai,22.0,32.8,0.1,21.1,67.4,990.9,No,3.8,13.2,45.4,20.6,20.0,52.9,79.9,990.8,993.6,5.8,5.1,24.2,30.6,No
2024-01-03,Indore,22.3,30.5,0.3,7.4,40.1,1010.0,No,8.2,13.9,19.5,6.4,8.6,51.0,44.5,1011.9,1008.5,1.8,4.9,26.6,26.9,No
2024-01-03,Delhi,25.1,35.2,0.4,27.3,50.1,1017.9,No,5.4,5.3,38.7,23.8,22.2,51.4,49.1,1016.9,1018.0,0.2,0.2,29.4,33.1,No
2024-01-03,Ahmedabad,12.4,22.6,0.0,18.3,51.9,991.8,No,7.4,8.9,39.2,18.2,18.4,48.3,59.8,990.7,990.9,0.5,0.2,17.3,19.1,No
2024-01-03,Coimbatore,19.9,29.0,4.0,21.5,53.5,1015.0,No,4.8,7.6,42.6,18.6,22.5,53.2,42.1,1014.5,1016.3,0.1,0.9,21.1,27.8,Yes
2024-01-04,Kochi,19.0,30.3,0.1,21.1,75.1,992.5,No,2.3,8.2,45.2,18.4,20.1,82.6,71.1,993.3,995.1,2.3,5.8,23.6,28.7,No
2024-01-04,Kolkata,11.0,17.0,0.4,26.1,55.5,1001.2,No,2.2,6.5,40.3,19.2,28.2,62.6,66.3,1003.3,1002.8,2.3,1.4,15.0,13.6,Yes
2024-01-04,Jaipur,28.8,37.9,0.5,15.7,34.9,1020.0,No,9.5,10.6,27.3,15.3,15.8,48.8,26.1,1023.3,1018.8,0.1,5.4,30.1,35.9,No
2024-01-04,Indore,24.1,38.6,0.1,21.8,52.2,1001.5,No,9.5,11.1,43.7,15.9,21.8,39.2,51.4,1001.6,1003.7,2.1,0.7,25.7,35.3,No
2024-01-05,Goa,21.4,28.8,0.4,14.4,78.2,1006.9,No,9.1,3.5,29.4,12.0,13.0,77.3,78.2,1009.0,1008.2,4.9,4.5,25.1,27.1,No
2024-01-05,Coimbatore,17.8,27.6,0.4,18.9,51.7,1024.2,No,5.2,0.6,42.8,18.4,17.0,61.0,34.3,1022.4,1021.7,1.8,6.0,21.6,25.4,No
2024-01-05,Mumbai,20.2,34.3,0.6,9.2,78.8,1001.7,No,8.5,3.1,22.7,7.2,8.7,72.9,74.6,999.0,999.7,3.3,4.8,22.2,32.9,Yes
2024-01-06,Chennai,20.8,33.3,0.0,8.3,65.9,991.3,No,2.1,1.1,28.7,7.2,9.2,82.9,66.4,993.4,992.6,2.3,1.4,22.6,31.5,No
2024-01-06,Bhopal,10.5,17.6,0.1,17.5,60.7,990.8,Yes,6.8,11.6,32.1,16.5,20.7,48.8,68.5,991.9,990.1,2.5,4.7,14.1,14.2,No
2024-01-06,Kolkata,23.5,34.7,0.3,23.2,84.4,993.2,No,7.5,6.3,46.8,18.3,23.4,93.8,92.3,993.4,995.1,4.6,0.4,24.7,31.9,No
2024-01-06,Goa,18.7,25.8,0.2,15.0,71.6,1010.5,No,9.0,2.5,35.5,12.4,17.3,74.6,85.7,1011.7,1008.0,4.9,2.1,21.1,24.7,No
2024-01-06,Thiruvananthapuram,19.5,29.9,0.2,7.3,72.1,1001.3,Yes,6.8,9.6,25.0,5.5,6.9,57.2,82.5,998.8,1001.4,5.9,3.2,24.2,28.2,No
2024-01-07,Thiruvananthapuram,19.3,26.4,4.5,24.7,71.5,1013.8,No,7.0,0.7,42.8,21.7,27.2,71.7,56.0,1012.8,1012.3,5.2,4.6,21.7,22.5,Yes
2024-01-07,Jaipur,19.5,26.9,0.1,12.1,24.1,996.5,No,3.7,12.6,23.3,10.4,11.7,43.5,8.0,996.3,999.3,5.2,4.9,21.6,25.4,No
2024-01-07,Lucknow,19.7,34.0,0.4,13.1,59.5,996.5,No,6.3,7.1,26.7,9.6,13.7,54.6,59.8,994.6,995.9,3.2,0.3,22.1,32.6,No
2024-01-07,Chennai,17.6,32.5,0.3,19.9,64.8,1016.6,No,6.7,5.8,35.1,19.5,22.5,83.6,49.2,1018.7,1019.2,1.1,0.4,21.6,29.8,No
2024-01-07,Bangalore,15.9,22.3,0.1,21.6,63.9,1018.5,Yes,7.2,5.0,44.8,17.7,24.4,64.2,57.1,1018.7,1016.6,4.5,3.0,17.8,18.6,No
2024-01-08,Jaipur,18.8,33.7,0.1,22.9,50.1,997.2,No,6.9,10.6,34.4,19.7,21.7,51.1,51.2,997.7,996.9,2.9,2.5,22.8,32.7,No
2024-01-08,Goa,20.0,30.6,0.5,10.7,74.3,1002.0,No,6.2,4.0,29.9,10.4,9.1,62.9,63.3,1004.1,1002.1,0.6,5.5,24.2,29.6,No
2024-01-08,Lucknow,19.3,32.0,0.6,27.8,53.1,1019.4,Yes,3.2,1.9,40.2,21.0,31.5,49.7,44.0,1018.0,1019.7,3.0,6.0,21.2,28.7,Yes
2024-01-08,Mumbai,19.2,25.4,0.2,28.0,62.4,1006.8,No,7.9,0.5,51.7,21.7,28.8,53.2,43.6,1006.0,1008.3,1.7,1.3,21.1,22.8,No
2024-01-08,Bangalore,16.8,26.4,0.1,12.7,56.7,1000.5,No,6.0,6.0,34.7,10.3,12.6,63.6,49.9,1003.3,1000.6,1.8,4.3,19.9,23.8,No
2024-01-09,Bangalore,15.9,29.5,0.1,19.9,52.2,1007.7,No,5.4,8.0,43.2,17.2,21.6,65.4,66.8,1008.9,1009.3,5.8,5.7,17.4,27.3,No
2024-01-09,Patna,12.1,18.0,0.1,21.1,64.0,1020.7,No,9.0,12.7,40.4,16.9,23.8,61.7,45.2,1023.5,1019.1,4.6,2.2,16.6,16.3,No
2024-01-09,Thiruvananthapuram,20.0,32.8,0.2,17.1,67.3,996.4,No,7.1,10.4,37.6,14.1,15.2,74.9,62.0,994.3,998.7,4.1,4.1,24.3,30.2,No
2024-01-10,Bhopal,17.7,27.6,0.4,13.8,50.1,1004.8,No,11.6,2.6,25.2,12.9,11.5,64.4,45.4,1008.2,1005.8,3.7,5.7,20.2,23.7,No
2024-01-10,Ahmedabad,12.6,22.4,0.4,28.9,34.4,1019.6,No,3.5,8.7,46.0,23.2,27.2,33.9,39.1,1020.8,1018.8,0.5,0.5,13.6,18.5,No
2024-01-10,Surat,13.1,19.1,0.4,18.0,57.9,1014.2,No,2.9,13.4,39.4,16.1,19.9,68.2,60.2,1018.0,1016.5,3.9,4.2,14.3,16.1,No
2024-01-10,Nagpur,10.8,21.6,0.2,23.3,70.0,994.2,No,3.9,1.6,39.6,21.8,25.6,56.9,65.9,994.9,994.7,3.9,2.2,14.0,19.2,No
2024-01-11,Kolkata,16.9,31.8,13.5,5.2,55.0,992.5,No,2.5,0.7,15.8,4.4,5.4,49.5,48.9,990.1,990.8,4.2,5.9,17.9,29.4,Yes
2024-01-11,Bhopal,10.9,24.5,0.5,7.7,55.0,991.6,No,5.9,1.7,32.1,7.3,7.0,60.6,69.4,994.8,991.8,5.4,5.9,14.9,23.3,No
2024-01-11,Thiruvananthapuram,19.4,32.8,0.0,5.9,69.6,1003.4,Yes,11.6,11.6,27.9,5.3,5.2,72.8,70.5,1004.1,1001.3,3.1,2.9,24.4,29.1,No
2024-01-11,Coimbatore,18.2,29.5,9.8,14.8,65.0,1006.0,No,4.7,3.8,25.4,14.1,12.0,61.5,77.6,1008.2,1004.0,2.0,0.0,22.0,28.3,Yes
2024-01-11,Surat,20.5,35.1,0.0,17.9,52.7,1020.9,No,11.1,8.0,37.8,15.5,20.5,63.4,51.0,1024.0,1018.6,0.9,1.0,22.8,33.4,No
2024-01-12,Patna,16.2,21.2,0.3,20.9,53.6,999.1,No,7.4,10.9,32.5,19.4,21.2,72.3,45.6,1000.5,1001.6,0.6,5.6,19.9,20.0,No
2024-01-12,Mumbai,17.1,29.2,0.3,26.8,52.0,991.6,No,11.7,13.6,48.0,19.8,29.6,37.9,32.8,990.9,991.0,4.6,4.1,19.9,27.4,No
2024-01-12,Goa,22.0,31.2,5.9,7.1,69.0,997.7,No,8.8,5.2,21.2,7.0,6.1,69.2,82.1,997.7,998.2,3.2,2.2,26.9,29.0,Yes
2024-01-13,Lucknow,5.4,18.4,0.1,5.0,50.3,1006.2,No,8.0,8.5,18.7,4.4,4.5,40.9,53.1,1005.5,1006.3,2.6,5.9,7.0,16.0,No
2024-01-13,Hyderabad,21.2,30.1,0.4,27.7,64.2,1023.3,No,9.2,10.5,39.9,20.2,28.5,49.9,61.1,1021.8,1021.8,4.7,5.6,22.5,27.5,No
2024-01-13,Chennai,25.8,31.7,0.5,22.3,72.4,997.0,No,10.2,0.6,42.4,22.0,19.0,88.7,73.2,998.3,997.3,1.8,5.6,30.6,28.8,No
2024-01-13,Chandigarh,20.7,31.8,0.3,17.0,52.0,1017.4,No,2.4,2.3,33.6,15.6,17.7,59.7,48.7,1018.7,1015.7,2.8,4.5,25.2,29.5,No
2024-01-14,Chennai,26.6,35.8,0.4,18.6,72.7,1007.7,No,7.1,8.2,29.0,15.2,19.4,78.6,80.4,1009.3,1010.6,1.7,2.2,29.1,33.4,No
2024-01-14,Delhi,23.4,30.7,0.3,17.8,61.0,1003.0,No,6.1,1.0,34.4,13.0,17.1,66.8,61.3,1004.7,999.7,3.9,1.9,26.0,27.2,No
2024-01-14,Pune,13.1,23.9,0.1,16.1,60.0,1020.9,No,5.3,6.3,36.1,11.9,15.7,65.5,73.2,1019.7,1019.4,2.3,3.6,15.5,21.3,No
2024-01-14,Bhopal,20.6,32.7,0.3,29.7,45.6,991.2,No,3.2,3.2,40.4,26.5,26.4,36.9,28.7,988.9,991.3,4.1,2.4,23.6,29.6,No
2024-01-14,Mumbai,15.1,23.4,0.3,18.3,79.2,1002.0,No,3.3,1.9,30.5,18.0,20.0,69.9,65.8,1004.1,999.1,1.4,5.8,17.1,20.4,No
2024-01-15,Bangalore,15.8,27.5,0.3,26.7,57.3,1001.1,Yes,11.9,10.5,38.0,21.0,22.5,65.1,64.1,1004.6,1000.2,5.4,5.3,18.1,23.9,No
2024-01-15,Delhi,13.3,21.2,0.3,14.5,56.0,1009.7,No,7.5,8.4,32.7,12.1,11.7,61.5,41.9,1011.2,1011.0,3.0,3.3,18.1,17.7,No
2024-01-15,Pune,18.5,31.6,1.4,14.9,47.7,1006.7,No,7.5,6.0,35.6,12.7,16.8,47.8,59.1,1004.2,1009.4,5.2,3.0,20.3,29.2,Yes
2024-01-15,Kolkata,12.9,19.6,0.5,19.5,73.5,1008.6,No,2.9,10.0,35.5,19.4,22.0,76.8,57.8,1011.6,1010.2,1.1,1.8,17.1,18.0,No
2024-01-15,Thiruvananthapuram,19.9,29.2,0.3,5.1,66.7,993.9,No,8.4,7.2,24.0,4.8,5.4,57.9,59.4,997.3,995.3,3.3,1.5,22.1,26.0,No
2024-01-16,Hyderabad,15.5,26.9,0.1,19.9,42.7,999.6,Yes,8.8,6.2,36.6,18.3,16.1,39.6,51.4,1000.8,998.0,5.4,4.6,17.5,23.9,No
2024-01-16,Surat,21.3,30.4,0.2,21.7,59.2,1019.1,No,2.7,9.0,35.8,19.1,23.3,52.3,55.2,1017.4,1015.5,2.3,2.2,26.3,28.0,No
2024-01-16,Coimbatore,17.3,28.1,0.4,15.2,51.8,996.0,No,6.2,11.5,25.3,12.0,18.2,53.4,45.2,993.8,998.8,0.1,4.4,21.4,26.4,No
2024-01-16,Kochi,19.0,24.9,0.3,9.0,70.1,1007.7,No,2.6,1.6,22.4,7.2,8.6,67.3,58.5,1008.3,1009.5,1.7,5.7,23.5,23.4,No
2024-01-16,Ahmedabad,24.9,35.7,0.2,20.7,44.8,1008.9,No,8.7,7.5,41.5,15.4,18.3,58.5,36.1,1006.1,1006.0,1.3,5.7,28.2,31.9,No
2024-01-17,Lucknow,16.1,23.5,0.3,26.9,42.8,1022.8,Yes,4.8,11.9,36.9,19.0,28.0,40.6,36.3,1023.7,1020.1,1.3,2.9,20.2,20.6,No
2024-01-17,Goa,18.5,27.8,1.5,22.3,63.4,996.2,No,8.2,5.1,35.7,17.2,19.8,54.5,66.4,999.2,997.3,6.3,3.2,22.1,25.7,Yes
2024-01-17,Pune,16.2,26.0,0.1,15.5,49.4,994.7,No,9.9,8.2,35.7,11.7,16.2,45.7,58.6,996.1,992.1,0.4,0.3,18.6,24.2,No
2024-01-17,Delhi,19.2,29.2,0.4,21.3,40.6,998.5,No,10.1,8.6,44.2,17.4,25.2,30.3,24.2,1000.1,1001.1,4.9,0.5,21.3,25.4,No
2024-01-18,Lucknow,6.9,19.0,15.7,13.8,42.5,1015.8,Yes,5.0,2.8,35.5,12.4,12.1,33.6,26.0,1017.4,1017.2,2.1,0.2,8.2,15.1,Yes
2024-01-18,Coimbatore,17.1,29.8,0.1,24.4,62.5,1011.5,No,8.4,7.4,35.0,24.1,27.3,57.7,76.8,1012.7,1011.6,4.5,4.9,20.7,28.4,No
2024-01-18,Hyderabad,17.1,31.3,0.2,28.6,41.7,1011.5,No,4.4,1.7,41.5,27.6,30.2,36.7,50.3,1014.5,1013.4,5.5,1.5,21.1,29.0,No
2024-01-19,Lucknow,15.7,22.3,0.4,7.6,52.0,1011.4,No,3.5,1.3,26.3,7.4,7.4,42.6,51.5,1014.1,1012.6,5.3,1.7,17.5,18.6,No
2024-01-19,Mumbai,19.6,27.7,0.3,18.5,72.3,1003.1,No,7.2,11.9,41.1,17.5,14.9,83.5,78.8,1004.9,1004.4,5.1,2.8,22.6,26.3,No
2024-01-19,Nagpur,16.6,28.0,0.3,9.5,63.4,990.1,Yes,2.3,2.3,22.2,7.7,9.1,79.0,61.3,992.1,986.8,1.4,4.2,17.8,25.5,No
2024-01-19,Kolkata,19.0,30.0,0.1,23.6,55.7,1014.3,No,11.8,2.9,46.0,20.2,22.5,45.0,61.4,1013.0,1012.9,0.4,4.8,23.1,26.8,No
2024-01-20,Lucknow,8.6,20.6,0.5,6.4,60.5,1017.4,No,10.5,3.2,22.1,5.4,6.4,60.7,73.3,1019.3,1017.8,0.3,5.4,13.3,17.3,No
2024-01-20,Kolkata,10.1,15.7,12.8,5.3,61.8,1006.5,No,4.8,0.4,15.9,4.2,4.9,74.3,75.9,1006.1,1005.5,6.8,2.1,11.7,12.1,Yes
2024-01-20,Ahmedabad,10.9,22.1,0.4,10.9,44.7,993.0,No,9.3,7.7,22.8,10.5,10.5,58.6,52.2,994.4,992.5,5.9,0.9,14.8,20.5,No
2024-01-20,Nagpur,15.8,23.8,0.0,15.4,68.4,1015.2,No,2.9,9.6,33.6,15.4,13.8,67.6,67.4,1017.7,1015.0,3.7,1.4,20.1,21.6,No
2024-01-21,Jaipur,16.9,25.3,0.4,8.2,54.9,990.6,No,8.6,2.3,22.0,8.0,8.4,66.2,54.4,991.5,987.3,2.1,1.7,19.5,21.9,No
2024-01-21,Mumbai,17.6,27.1,1.1,7.4,61.9,996.5,No,5.6,6.1,21.5,5.8,7.8,53.8,73.3,997.2,995.7,4.5,1.3,21.1,25.0,Yes
2024-01-21,Bangalore,16.3,23.0,0.2,25.5,55.2,1015.6,Yes,5.1,11.2,50.0,24.4,21.6,66.1,46.4,1019.6,1015.0,0.7,4.4,18.6,19.0,No
2024-01-22,Pune,18.4,29.9,0.4,11.1,52.9,1008.4,No,3.1,1.2,31.9,9.2,12.9,63.7,39.5,1009.7,1007.4,3.5,4.4,22.6,26.4,No
2024-01-22,Goa,18.3,23.6,0.0,9.2,74.8,1013.9,No,8.6,7.9,20.3,6.6,8.6,90.1,62.3,1013.4,1010.3,6.1,3.3,22.3,19.9,Yes
2024-01-22,Indore,11.2,24.3,0.4,9.2,36.8,990.0,No,5.9,5.3,22.6,7.5,7.9,36.2,44.9,990.4,986.1,2.5,0.2,16.1,22.9,No
2024-01-22,Chandigarh,19.2,33.9,0.5,19.0,63.9,1011.7,No,8.3,7.5,38.5,15.8,16.8,53.1,46.3,1010.6,1008.1,3.4,1.7,23.5,32.7,No
2024-01-23,Kochi,19.0,34.0,0.4,7.9,82.1,1011.0,Yes,2.9,12.7,27.9,7.5,9.1,87.1,80.2,1011.0,1009.2,2.6,4.6,22.4,30.3,No
2024-01-23,Kolkata,16.7,27.7,0.1,7.6,73.9,1007.9,No,5.8,6.8,27.4,7.5,7.9,85.0,71.7,1009.4,1004.4,1.5,2.2,19.5,26.6,No
2024-01-23,Nagpur,12.4,20.1,0.1,12.0,69.1,1011.4,No,4.1,7.2,22.1,8.4,10.7,55.4,52.9,1010.7,1013.0,3.4,3.1,14.6,16.4,No
2024-01-24,Delhi,11.0,20.0,0.4,12.7,46.9,1011.3,No,10.2,13.4,35.1,8.9,13.4,33.7,35.9,1008.7,1011.5,4.1,0.7,13.6,17.6,No
2024-01-24,Chennai,20.7,26.9,0.0,28.5,66.3,1002.4,Yes,8.7,9.5,44.0,25.1,23.0,73.5,78.2,1003.7,1004.5,4.3,0.7,25.3,25.7,No
2024-01-24,Mumbai,18.7,25.2,0.2,6.1,50.4,1010.2,No,3.2,7.8,21.2,5.6,6.5,64.9,54.6,1010.2,1010.9,1.7,1.8,22.9,22.8,No
2024-01-25,Bangalore,11.0,24.9,5.2,13.5,50.4,1012.3,Yes,2.7,3.3,28.2,12.2,14.1,48.1,38.0,1016.2,1011.5,5.5,1.1,13.9,23.8,Yes
2024-01-25,Coimbatore,18.5,33.2,2.5,5.6,57.7,995.6,Yes,9.6,3.7,19.9,5.4,4.7,76.1,48.7,998.8,995.8,6.6,7.9,20.7,29.3,Yes
2024-01-25,Indore,14.0,22.9,0.3,24.0,45.2,1009.0,No,10.3,6.2,38.6,18.7,21.1,32.2,37.2,1007.9,1011.7,3.3,2.1,17.3,21.4,No
2024-01-25,Bhopal,13.9,25.1,0.4,19.2,47.1,1011.8,No,8.2,2.8,35.2,13.7,19.0,51.1,35.1,1015.6,1014.2,4.3,3.2,18.4,23.8,No
2024-01-26,Coimbatore,18.9,28.4,0.4,16.4,62.1,1021.3,No,6.4,8.4,35.3,15.4,16.2,82.0,44.2,1018.3,1021.8,1.8,1.4,21.2,26.6,No
2024-01-26,Thiruvananthapuram,19.0,33.7,0.5,26.8,69.4,991.1,No,7.3,8.9,46.5,25.4,25.0,80.1,67.9,993.6,994.0,1.2,6.0,20.4,32.7,No
2024-01-26,Patna,6.0,14.4,13.8,25.2,64.0,1018.8,Yes,10.8,5.6,36.8,20.7,27.5,58.8,68.0,1015.9,1016.9,4.4,5.1,9.3,11.3,Yes
2024-01-26,Nagpur,10.1,16.1,0.4,17.0,66.1,998.5,Yes,3.5,9.9,37.0,12.9,19.4,65.1,56.3,996.5,996.3,0.1,3.5,14.5,13.5,No
2024-01-26,Indore,10.9,16.3,0.1,26.7,41.4,1015.2,No,6.5,11.5,45.0,23.8,27.0,42.6,29.7,1014.3,1013.2,3.4,0.7,15.6,13.1,No
2024-01-27,Bangalore,10.0,17.5,0.2,26.1,62.2,999.5,Yes,5.1,11.0,49.4,21.6,30.3,60.4,76.0,997.1,1000.3,3.0,2.3,13.6,14.4,No
2024-01-27,Chennai,17.0,23.7,0.4,22.6,70.7,1023.3,No,5.0,1.5,44.3,20.2,18.5,68.3,84.2,1023.8,1022.3,2.7,1.3,19.5,21.6,No
2024-01-27,Thiruvananthapuram,19.1,31.7,0.1,16.8,73.3,1013.0,No,10.8,3.0,37.0,14.8,15.4,63.1,76.1,1015.2,1011.2,3.9,2.4,22.9,30.1,No
2024-01-27,Kolkata,23.4,31.2,3.6,25.9,66.0,999.4,Yes,2.1,3.0,40.9,18.3,22.0,65.5,63.3,999.2,999.1,4.8,0.1,26.2,27.3,Yes
2024-01-27,Lucknow,16.4,28.2,0.3,8.1,50.9,1024.2,No,2.2,10.8,30.2,6.0,7.4,36.5,41.2,1026.6,1023.8,2.1,2.2,17.4,26.3,No
2024-01-28,Delhi,10.0,17.5,0.0,28.6,49.4,1023.5,No,9.9,13.9,46.7,28.2,23.7,47.2,37.3,1021.9,1020.5,3.7,4.7,13.3,16.0,No
2024-01-28,Chandigarh,21.2,32.6,0.2,12.3,48.6,1022.1,No,6.7,12.5,32.9,8.8,10.5,33.9,50.7,1022.2,1019.1,5.7,3.2,23.2,30.1,No
2024-01-28,Goa,20.4,26.2,0.3,6.1,65.5,1005.1,No,3.7,6.2,19.2,4.4,6.9,84.8,73.3,1008.1,1002.8,5.8,1.2,25.2,22.2,No
2024-01-29,Jaipur,8.9,18.6,0.3,19.1,48.7,995.7,No,9.7,7.0,29.3,13.4,18.0,66.2,36.7,997.1,993.2,1.9,5.1,12.8,17.4,No
2024-01-29,Nagpur,17.3,22.6,0.1,28.0,54.4,1003.9,Yes,11.9,0.6,49.4,22.7,26.8,65.8,66.6,1007.6,1004.0,2.1,4.7,19.3,19.9,No
2024-01-29,Pune,15.2,26.7,0.1,10.5,51.0,1007.7,No,2.4,0.5,23.1,10.1,9.6,69.3,51.4,1007.8,1007.8,3.1,4.6,17.3,24.7,No
2024-01-29,Chandigarh,22.9,37.3,0.2,10.1,66.2,1007.4,No,7.9,2.6,25.1,9.7,8.9,53.7,48.7,1011.0,1007.0,2.5,4.9,27.2,35.3,No
2024-01-29,Bhopal,18.9,31.6,0.3,15.6,52.9,999.9,No,2.4,1.8,37.1,10.9,15.1,56.2,34.8,1003.7,997.5,1.8,1.8,20.8,30.6,No
2024-01-30,Surat,24.3,39.1,0.3,18.6,68.9,992.7,No,9.1,2.3,40.3,16.3,22.0,55.3,58.1,994.0,990.8,4.3,4.6,25.7,36.6,No
2024-01-30,Thiruvananthapuram,19.5,28.2,0.4,28.0,83.7,1006.2,No,8.9,10.2,51.0,21.9,31.5,75.5,75.7,1005.5,1009.0,5.1,4.2,23.4,25.5,No
2024-01-30,Indore,24.0,34.0,0.4,5.6,46.4,1003.5,No,10.4,0.2,26.2,5.6,5.5,39.6,51.1,1006.2,1003.3,5.8,0.3,27.1,30.9,No
2024-01-30,Kochi,19.0,25.8,0.1,8.9,81.0,1020.3,No,5.1,4.1,32.0,8.1,10.0,74.8,82.9,1021.3,1022.1,5.4,0.1,22.7,24.6,No
2024-01-30,Ahmedabad,20.4,28.3,0.2,15.1,35.7,1015.6,No,2.7,11.0,29.4,12.5,16.2,32.4,17.7,1015.3,1018.3,3.9,4.0,24.0,26.7,No
2024-01-31,Thiruvananthapuram,19.6,26.6,3.6,20.8,75.4,1015.9,No,7.5,5.5,32.9,18.2,18.0,92.8,57.8,1015.9,1016.8,3.7,0.7,22.8,23.7,Yes
2024-01-31,Kolkata,20.6,29.3,0.3,11.2,71.9,1008.4,No,2.0,2.4,23.0,9.4,11.7,64.4,84.8,1005.4,1009.8,3.8,2.2,21.8,26.4,No
2024-01-31,Patna,13.5,27.8,0.4,23.5,61.3,1011.6,No,4.1,9.3,41.0,21.7,21.9,77.4,44.2,1014.3,1013.6,4.9,3.1,16.2,23.9,No
2024-01-31,Pune,14.4,24.8,0.3,6.3,61.8,1018.6,No,11.1,0.4,21.6,4.4,5.2,78.7,54.2,1018.6,1016.2,3.6,3.6,16.9,22.8,No
2024-01-31,Kochi,19.0,27.8,2.5,11.3,74.9,1008.0,No,11.9,2.3,32.9,9.4,10.0,87.9,66.5,1011.0,1010.4,6.9,0.3,23.1,25.6,Yes
2024-02-01,Surat,18.7,28.4,0.4,15.2,50.7,990.4,No,11.2,1.6,33.0,14.2,17.9,61.8,55.9,993.2,989.5,4.8,0.0,23.4,26.1,No
2024-02-01,Pune,16.3,23.9,8.8,25.2,63.6,997.6,No,9.9,5.1,40.8,19.7,22.5,59.7,75.2,995.1,999.4,2.8,4.2,20.5,20.2,Yes
2024-02-01,Jaipur,13.3,22.9,3.1,23.0,36.6,1004.4,No,5.8,3.9,39.5,21.3,26.4,40.2,44.2,1003.5,1004.2,2.8,3.3,17.2,19.2,Yes
2024-02-01,Chandigarh,7.4,18.8,1.9,11.1,55.4,995.8,No,4.7,2.7,32.3,9.7,13.3,54.9,61.8,998.9,996.6,3.3,6.0,9.2,16.8,Yes
2024-02-02,Hyderabad,22.3,36.8,0.3,27.1,58.3,1004.3,No,4.2,10.0,50.4,25.0,29.3,69.6,54.6,1007.4,1001.7,0.8,1.7,25.4,34.3,No
2024-02-02,Chennai,25.2,34.3,5.2,12.0,67.3,990.5,No,4.1,0.3,29.2,9.1,13.2,81.9,66.4,994.4,989.7,4.1,7.9,27.1,30.4,Yes
2024-02-02,Kolkata,10.6,20.1,0.4,14.2,57.1,1003.1,No,2.5,4.9,38.2,11.6,16.1,71.6,50.2,1004.5,999.8,0.6,0.3,14.0,17.8,No
2024-02-03,Patna,21.7,32.7,0.3,16.8,64.6,995.5,No,9.2,3.8,29.9,13.4,15.1,57.1,59.5,998.8,995.0,1.1,0.5,25.5,30.5,No
2024-02-03,Hyderabad,22.9,34.5,0.1,20.9,58.9,1022.9,No,5.2,3.8,33.8,19.0,18.6,64.7,48.1,1024.5,1024.6,4.7,4.6,24.6,33.2,No
2024-02-03,Jaipur,21.8,30.5,0.2,11.1,37.3,1020.8,No,7.6,0.3,31.1,8.8,12.8,53.4,28.7,1024.1,1023.7,6.6,6.8,23.8,27.7,Yes
2024-02-03,Delhi,6.5,12.4,0.4,29.9,70.0,1020.0,No,4.4,0.6,46.1,22.1,24.2,67.6,77.4,1021.0,1018.2,3.9,1.4,7.5,9.1,No
2024-02-04,Mumbai,16.0,26.8,0.2,20.8,67.1,1011.6,No,6.7,6.2,38.2,20.0,20.5,85.0,64.7,1015.3,1013.5,2.2,5.2,17.4,23.0,No
2024-02-04,Ahmedabad,22.0,27.5,0.3,25.3,47.5,1016.2,Yes,6.1,2.9,35.9,22.1,24.8,65.8,29.7,1018.0,1012.3,1.0,2.7,24.8,24.5,No
2024-02-04,Delhi,25.0,36.4,0.4,7.0,68.1,1012.5,No,9.4,1.3,25.9,6.3,5.8,61.2,80.2,1013.8,1010.2,4.1,3.6,28.0,32.5,No
2024-02-04,Hyderabad,21.2,30.0,0.1,22.3,59.0,997.6,Yes,8.0,8.7,46.4,20.8,19.0,56.2,54.2,997.3,998.3,5.4,1.8,24.4,26.6,No
2024-02-05,Surat,18.1,26.7,0.4,6.9,57.6,1017.2,No,11.9,3.8,18.4,6.6,7.5,64.2,43.0,1017.5,1018.7,1.8,1.9,19.1,25.1,No
2024-02-05,Mumbai,21.1,30.5,0.1,9.8,79.5,1002.7,No,5.5,7.7,34.6,8.8,8.6,66.1,63.9,1003.7,1004.1,5.6,0.1,24.2,28.1,No
2024-02-05,Pune,16.9,27.5,0.4,22.5,62.2,994.3,Yes,6.2,7.2,46.0,21.7,25.3,65.0,67.9,994.9,996.4,2.4,5.8,21.7,24.3,No
2024-02-05,Coimbatore,17.0,23.3,3.4,27.6,67.1,1004.2,No,8.0,4.6,46.0,22.4,30.7,60.9,80.0,1007.5,1002.6,5.8,4.6,19.3,19.3,Yes
2024-02-05,Patna,5.6,13.1,0.4,20.0,60.6,1011.8,No,2.5,5.3,33.5,15.6,20.4,52.6,50.9,1010.5,1014.5,5.7,3.7,10.3,9.7,No
2024-02-06,Jaipur,17.3,28.4,0.0,18.8,56.4,991.2,No,6.4,11.7,31.2,13.3,18.4,49.7,38.2,993.3,988.0,3.6,1.7,18.9,26.3,No
2024-02-06,Goa,21.0,29.9,1.4,19.1,75.0,1013.7,No,11.3,3.1,30.1,13.5,21.6,78.4,82.1,1012.3,1012.1,0.2,7.7,24.7,26.1,Yes
2024-02-06,Kochi,19.0,30.1,0.5,23.5,78.6,1021.0,No,4.8,3.9,47.9,16.5,25.5,88.3,80.4,1024.9,1019.2,2.0,0.5,21.8,28.3,No
2024-02-07,Lucknow,9.2,14.2,0.1,12.4,42.1,996.2,No,3.1,13.2,34.1,10.4,14.2,35.8,47.2,999.2,994.7,4.5,1.8,11.4,12.9,No
2024-02-07,Bhopal,13.8,26.1,0.4,17.1,62.9,996.1,No,3.2,9.6,41.4,12.7,18.7,70.0,63.3,995.8,994.6,0.3,1.3,14.9,23.4,No
2024-02-07,Kolkata,11.6,25.3,0.3,7.1,70.7,1023.0,No,4.5,10.9,18.5,5.1,6.7,58.9,71.2,1021.6,1025.3,4.7,4.2,15.1,21.7,No
2024-02-07,Indore,11.0,24.7,0.1,24.8,58.7,1004.8,No,2.3,10.9,38.4,18.5,21.0,44.6,57.0,1003.4,1007.8,3.4,0.8,14.8,21.1,No
2024-02-08,Pune,14.1,20.5,0.1,5.4,59.4,997.1,No,8.8,1.1,21.7,4.8,6.4,55.3,48.2,998.7,997.5,2.0,5.6,18.5,18.8,No
2024-02-08,Chennai,19.4,29.5,5.2,22.0,71.6,998.1,No,11.4,0.4,36.8,18.3,25.6,90.3,67.1,1000.4,997.8,4.3,2.2,21.3,27.7,Yes
2024-02-08,Indore,17.0,22.3,0.3,7.4,62.2,1014.9,No,5.2,13.6,21.3,5.9,8.4,49.0,58.5,1014.5,1013.1,1.7,0.5,19.3,21.2,No
2024-02-08,Delhi,22.2,31.2,0.0,10.9,47.8,1023.0,No,3.1,10.8,28.4,9.1,9.8,51.9,37.4,1026.3,1020.5,5.3,3.4,26.5,28.0,No
2024-02-08,Bangalore,14.9,23.1,0.4,8.3,47.0,1005.4,No,5.8,8.7,25.1,7.8,10.0,38.7,43.1,1005.4,1003.6,1.2,0.4,19.4,20.9,No
2024-02-09,Ahmedabad,14.4,19.7,0.1,28.2,54.2,1020.4,No,6.2,0.7,38.8,24.6,27.0,40.2,54.6,1017.5,1021.9,1.8,0.2,17.8,17.5,No
2024-02-09,Kochi,19.0,29.4,0.5,18.7,70.5,1003.1,Yes,2.5,6.0,41.2,17.7,16.7,63.4,79.1,1006.6,999.8,2.7,2.0,23.5,28.2,No
2024-02-09,Nagpur,13.6,26.1,0.2,18.2,41.5,1003.8,No,3.6,8.0,40.3,16.9,15.7,31.8,30.9,1003.3,1002.7,4.1,0.3,14.7,23.9,No
2024-02-09,Bangalore,14.9,21.8,0.4,10.7,59.2,1000.4,No,6.1,3.4,30.8,10.2,11.5,73.1,53.1,998.5,1001.6,2.2,4.0,17.0,20.6,No
2024-02-09,Chennai,26.9,33.5,0.3,26.7,74.8,1010.2,No,4.9,6.5,45.9,21.9,25.9,71.4,74.6,1013.2,1007.6,5.6,4.1,31.2,30.8,No
2024-02-10,Nagpur,26.6,38.4,0.3,22.1,65.4,1011.1,No,7.8,6.0,36.2,20.5,19.6,74.6,53.6,1012.5,1012.3,1.3,0.4,28.2,35.6,No
2024-02-10,Chandigarh,22.0,27.4,0.5,16.6,60.7,1001.6,No,2.1,1.1,30.5,11.8,17.5,60.6,59.9,999.8,999.7,4.0,5.8,23.2,23.8,No
2024-02-10,Jaipur,18.8,29.5,4.6,27.9,40.0,1001.9,Yes,6.1,1.1,48.7,22.0,28.2,49.4,51.5,1004.5,1002.7,5.4,7.6,21.0,28.5,Yes
2024-02-10,Kolkata,14.1,21.3,0.0,13.1,74.9,1015.5,No,8.7,7.8,28.2,9.7,11.0,89.0,87.0,1017.1,1012.2,2.4,4.4,18.2,19.9,No
2024-02-10,Hyderabad,13.0,25.1,0.3,28.9,45.7,1019.8,Yes,7.7,7.2,40.2,25.0,27.6,51.9,39.3,1018.5,1016.5,1.9,0.6,14.7,21.2,No
2024-02-11,Indore,17.4,29.3,0.2,20.5,56.0,1015.6,No,3.9,0.4,34.7,17.1,21.4,70.8,42.9,1013.4,1018.3,0.6,2.9,20.8,26.7,No
2024-02-11,Pune,13.5,19.1,0.1,25.5,47.6,1012.3,No,2.4,7.0,45.8,19.8,23.5,54.1,59.1,1015.0,1012.4,4.4,2.2,17.1,16.7,No
2024-02-11,Jaipur,9.6,21.6,0.0,6.4,42.3,1001.1,No,9.7,9.8,21.4,5.8,6.2,53.7,38.2,1000.9,1003.6,1.5,0.7,12.9,17.7,No
2024-02-11,Ahmedabad,17.2,22.8,0.3,16.3,36.9,1024.9,No,5.5,5.6,28.0,15.7,15.7,35.4,40.0,1025.0,1025.5,0.4,4.9,21.9,19.9,No
2024-02-11,Kochi,19.0,25.5,0.2,8.2,74.5,1001.8,No,5.9,2.3,29.2,6.2,6.7,78.9,75.4,1004.9,1001.9,2.1,4.8,22.2,24.3,No
2024-02-12,Ahmedabad,24.9,32.7,0.5,23.1,57.9,996.2,No,2.4,5.7,40.8,20.2,27.1,66.5,54.8,998.9,998.9,0.1,5.9,26.2,29.2,No
2024-02-12,Goa,18.4,24.7,0.0,27.6,68.8,1011.0,No,5.8,3.0,44.2,19.7,31.1,82.7,69.4,1010.5,1012.6,3.3,5.0,21.9,21.4,No
2024-02-12,Jaipur,19.4,28.5,0.1,19.3,58.3,1011.9,No,3.8,0.8,38.4,17.9,19.5,51.3,61.6,1009.5,1011.0,1.0,1.1,21.2,26.3,No
2024-02-12,Delhi,6.1,15.1,0.4,17.6,50.5,995.1,No,2.6,1.0,36.3,15.3,20.3,55.0,64.1,992.4,991.8,0.3,1.1,9.3,12.2,No
2024-02-12,Surat,13.6,28.1,0.1,8.1,71.1,994.4,Yes,7.2,3.4,23.5,8.1,8.7,89.3,56.0,994.1,994.3,0.5,0.0,17.3,25.2,No
2024-02-13,Chandigarh,6.0,17.2,0.2,15.9,42.3,1017.4,Yes,8.3,9.1,38.6,12.7,17.1,60.9,47.8,1017.8,1017.8,4.4,3.7,7.1,15.6,No
2024-02-13,Goa,21.1,28.8,0.0,28.9,74.6,996.3,No,10.9,9.1,45.8,26.1,30.3,79.5,56.7,997.8,997.7,6.0,0.1,25.0,26.1,No
2024-02-13,Thiruvananthapuram,19.4,25.7,0.4,19.7,73.2,1014.5,No,11.4,4.9,33.4,17.7,17.3,69.2,61.0,1012.0,1016.3,1.5,2.8,20.6,22.6,No
2024-02-13,Surat,17.6,30.1,0.1,12.9,60.3,1005.4,No,11.1,0.9,33.3,9.8,12.0,59.9,72.1,1004.1,1002.1,1.9,0.6,19.1,27.4,No
2024-02-13,Bangalore,10.4,15.7,0.1,11.9,61.4,1012.5,Yes,6.9,1.7,30.7,9.4,12.5,74.7,62.8,1011.5,1010.3,2.0,1.0,12.2,12.4,No
2024-02-14,Ahmedabad,17.4,31.0,0.2,22.7,35.8,1009.5,No,8.6,11.3,46.0,21.4,18.3,46.6,23.1,1007.4,1010.0,1.9,0.3,18.9,30.0,No
2024-02-14,Surat,25.6,30.9,0.5,17.8,55.2,991.4,No,8.8,13.0,37.1,16.8,14.8,53.7,48.3,994.6,988.5,0.9,2.0,26.9,29.3,No
2024-02-14,Kolkata,24.5,33.8,0.1,12.8,74.0,997.2,No,8.4,5.6,22.9,11.0,15.0,87.4,82.8,999.8,995.5,4.6,0.9,28.1,30.8,No
2024-02-14,Mumbai,15.2,28.1,0.0,17.1,77.1,1011.0,No,7.5,13.0,40.2,16.0,15.6,94.0,60.5,1014.0,1009.3,0.3,4.0,17.1,26.3,No
2024-02-15,Thiruvananthapuram,19.8,34.7,4.9,12.7,77.0,1012.3,No,10.6,7.7,25.9,9.2,11.1,90.7,80.6,1013.8,1011.2,4.6,2.5,22.7,31.3,Yes
2024-02-15,Mumbai,21.9,36.2,0.4,8.5,78.0,1022.3,No,5.0,1.9,27.7,6.8,8.0,65.5,70.3,1025.3,1019.9,4.2,3.8,26.3,34.8,No
2024-02-15,Nagpur,26.6,37.4,0.0,18.2,69.9,998.9,No,3.7,2.3,35.1,12.9,15.4,69.4,52.1,998.7,998.3,2.7,5.2,29.7,35.0,No
2024-02-15,Goa,19.1,32.2,0.1,6.2,77.9,999.7,No,11.3,9.3,27.3,4.9,7.0,72.0,58.0,999.3,999.7,2.9,5.2,20.5,29.6,No
2024-02-16,Jaipur,10.6,23.1,0.4,20.6,56.7,999.6,No,2.8,6.3,41.7,18.7,23.2,72.4,63.8,1001.3,995.8,3.2,0.2,14.9,21.2,No
2024-02-16,Patna,17.4,25.2,0.4,18.4,68.5,999.3,No,10.6,4.6,42.7,13.5,14.8,85.1,50.9,1003.3,1002.0,0.8,3.2,19.1,22.9,No
2024-02-16,Goa,17.3,24.5,0.4,18.4,67.3,1015.8,No,10.4,4.8,39.1,18.4,17.1,75.9,76.8,1019.2,1016.8,1.7,2.0,18.4,21.3,No
2024-02-16,Kochi,19.0,32.6,6.7,16.0,67.4,994.9,No,6.8,1.7,27.7,15.2,16.0,52.9,75.5,998.7,995.1,4.0,7.0,23.8,29.4,Yes
2024-02-17,Ahmedabad,13.5,28.0,0.4,26.3,32.3,1014.5,No,3.2,9.9,43.9,25.0,26.4,39.1,29.1,1014.8,1015.9,3.8,3.8,16.3,25.4,No
2024-02-17,Indore,20.4,33.7,0.3,28.2,55.9,1013.5,No,8.2,11.5,48.5,24.4,25.3,55.8,69.8,1015.1,1013.4,5.6,3.5,23.5,30.4,No
2024-02-17,Kochi,19.0,25.9,0.3,10.0,74.4,1004.5,No,6.1,1.0,28.6,9.5,10.9,72.0,57.5,1002.9,1004.3,1.2,3.3,20.9,22.4,No
2024-02-17,Patna,13.7,21.2,0.3,22.9,69.4,1010.4,Yes,4.4,6.2,37.1,16.6,26.3,79.9,59.9,1011.6,1007.8,5.3,0.7,14.8,18.7,No
2024-02-17,Kolkata,18.7,29.5,0.1,7.2,56.6,1020.5,No,6.9,9.7,21.1,6.4,8.1,48.3,68.7,1021.4,1018.6,2.6,1.9,22.6,26.1,No
2024-02-18,Lucknow,15.6,27.2,3.3,14.5,47.7,990.9,No,3.1,4.3,30.4,12.8,16.3,43.2,61.3,991.7,991.3,5.4,5.3,18.6,24.9,Yes
2024-02-18,Patna,6.2,11.4,0.1,26.4,55.7,1015.8,No,11.4,6.9,46.9,25.3,25.6,51.6,68.5,1016.4,1015.3,1.1,0.6,10.6,8.6,No
2024-02-18,Surat,17.6,24.5,0.4,13.9,63.9,992.9,No,8.8,3.8,36.3,12.8,15.5,53.1,48.8,992.0,992.6,4.5,5.0,21.4,20.7,No
2024-02-18,Nagpur,22.6,30.6,0.0,25.5,48.0,1008.6,No,3.0,11.1,47.7,21.6,21.0,39.1,52.7,1010.6,1010.9,3.5,0.7,24.0,27.5,No
2024-02-19,Kolkata,22.8,35.3,11.2,12.2,79.2,1003.6,Yes,9.2,6.7,35.1,9.7,13.9,65.6,60.9,1004.9,1000.0,2.6,5.4,25.2,33.8,Yes
2024-02-19,Hyderabad,16.4,26.0,0.2,7.9,49.3,1019.6,No,4.6,11.6,23.5,7.8,7.7,62.0,43.3,1019.6,1018.3,4.3,3.3,21.2,24.2,No
2024-02-19,Mumbai,15.7,24.6,0.3,20.4,68.5,1002.3,No,10.8,3.2,36.5,20.4,23.4,73.3,66.6,1001.2,1001.9,5.1,4.1,17.9,23.0,No
2024-02-19,Pune,14.6,21.3,0.1,9.1,47.4,1009.2,Yes,2.6,4.4,22.4,7.8,7.7,58.7,59.1,1011.4,1008.9,5.2,4.2,15.6,19.1,No
2024-02-20,Pune,18.5,31.1,0.4,10.6,61.9,1006.6,No,8.2,0.6,25.5,8.9,9.1,81.4,49.2,1004.5,1004.0,4.6,2.6,21.7,30.0,No
2024-02-20,Surat,13.5,22.9,0.3,14.7,70.4,1022.0,Yes,10.3,1.9,38.7,13.6,17.3,79.1,63.1,1025.5,1019.9,2.0,4.2,17.5,19.2,No
2024-02-20,Hyderabad,15.5,28.4,1.7,29.6,57.2,1000.7,No,8.4,5.7,54.2,24.0,33.1,57.4,67.6,998.9,1003.3,1.8,2.6,19.5,26.3,Yes
2024-02-20,Kolkata,19.1,28.6,1.8,9.2,77.3,1006.6,Yes,5.5,3.2,20.1,8.1,10.6,67.6,78.2,1008.3,1005.5,5.6,3.3,22.1,27.5,Yes
2024-02-21,Coimbatore,18.3,30.9,0.2,5.8,63.8,993.9,No,9.3,12.2,19.1,4.3,4.8,77.6,54.7,993.7,993.4,5.0,3.9,21.8,29.4,No
2024-02-21,Hyderabad,19.2,31.3,0.0,25.5,64.2,1003.2,Yes,2.1,6.4,40.5,18.3,25.0,58.1,56.5,1005.1,1002.8,0.7,5.8,22.7,28.0,No
2024-02-21,Bhopal,6.6,12.1,0.5,12.3,30.7,1006.0,No,7.6,1.6,31.4,10.7,13.7,50.2,19.5,1006.6,1008.4,4.7,2.9,11.4,10.9,No
2024-02-21,Goa,21.7,27.2,0.2,28.8,70.9,1001.4,No,10.2,9.9,47.6,27.3,27.6,71.6,76.5,1000.9,997.8,0.4,0.7,26.1,24.7,No
2024-02-21,Chennai,24.1,33.1,0.3,22.0,63.9,1022.8,No,7.7,8.5,46.1,20.6,17.8,67.6,68.0,1025.1,1020.3,5.2,5.7,26.1,29.4,No
2024-02-22,Bhopal,22.0,35.2,0.1,13.4,30.5,991.1,Yes,7.1,11.2,28.5,12.2,11.7,41.7,18.7,989.1,988.4,1.1,3.1,26.4,34.0,No
2024-02-22,Coimbatore,19.9,31.5,0.5,14.7,67.5,1013.1,No,3.3,3.7,33.4,13.5,12.5,73.4,66.7,1013.7,1013.9,5.0,1.9,24.5,30.0,No
2024-02-22,Pune,14.0,21.7,0.4,23.7,48.0,994.9,Yes,2.5,13.3,44.3,16.6,26.2,51.0,55.3,995.5,995.4,4.7,2.4,15.0,18.2,No
2024-02-23,Jaipur,9.8,18.3,0.1,10.3,44.8,998.4,No,6.1,9.9,23.6,8.4,9.9,64.0,58.2,1001.0,996.0,0.4,1.9,11.8,15.7,No
2024-02-23,Mumbai,20.4,34.0,0.2,22.5,75.3,992.1,No,2.1,5.7,37.5,20.5,24.9,71.0,83.8,991.2,991.3,4.4,4.2,25.4,32.4,No
2024-02-23,Chennai,23.6,34.7,0.3,16.9,73.7,999.6,No,5.3,8.1,40.2,14.7,17.7,76.9,55.5,998.2,999.1,1.9,1.1,26.6,32.8,No
2024-02-23,Kochi,19.0,28.6,0.4,24.4,67.7,993.7,No,10.1,10.7,36.1,21.8,27.7,72.9,70.3,993.9,993.4,0.2,3.8,20.3,26.3,No
2024-02-23,Ahmedabad,15.6,26.0,0.1,8.6,29.7,993.7,No,10.8,7.4,25.6,6.3,9.2,45.0,38.7,995.0,990.2,0.7,0.3,17.6,24.6,No
2024-02-24,Indore,25.0,30.7,0.0,22.0,41.7,993.2,No,10.8,7.2,40.1,17.1,24.4,53.0,42.3,991.7,989.9,0.4,3.6,29.3,27.1,No
2024-02-24,Mumbai,18.2,31.1,0.5,27.8,78.4,1001.8,No,11.8,9.3,50.1,25.8,30.1,74.1,60.4,1001.2,1002.5,0.6,0.1,19.8,27.9,No
2024-02-24,Chandigarh,24.5,39.3,0.3,8.4,52.3,1010.0,No,11.4,4.9,25.1,7.6,7.9,46.2,54.4,1007.2,1011.1,3.1,3.6,28.0,36.7,No
2024-02-25,Kolkata,22.3,30.6,0.0,20.6,65.5,1015.7,No,7.8,10.4,40.8,15.7,19.4,54.9,50.0,1017.5,1017.7,5.8,3.8,24.0,29.2,No
2024-02-25,Mumbai,20.7,31.5,0.4,23.7,68.5,992.0,No,10.5,4.0,43.3,18.8,28.0,54.7,68.8,990.1,993.0,1.1,1.4,23.7,27.7,No
2024-02-25,Delhi,9.7,16.1,0.1,10.8,60.4,1012.6,No,3.6,9.6,29.7,10.0,10.0,61.0,54.6,1016.5,1010.7,1.8,2.1,12.9,14.3,No
2024-02-26,Hyderabad,22.8,31.2,0.1,16.3,52.2,1004.8,No,9.3,11.8,34.5,11.8,14.6,43.0,36.6,1004.4,1002.4,1.3,0.3,23.9,29.9,No
2024-02-26,Chandigarh,8.4,17.8,0.2,5.2,52.9,996.4,No,6.7,9.6,18.6,3.8,6.0,47.5,40.7,999.4,998.1,2.7,2.9,10.3,16.5,No
2024-02-26,Kolkata,18.6,24.6,0.1,16.9,68.5,1011.8,No,10.8,3.8,26.9,12.6,15.8,64.5,76.2,1013.6,1009.9,2.7,0.6,23.2,20.8,No
2024-02-26,Indore,24.6,38.3,12.2,5.2,40.2,996.2,No,10.1,0.6,21.4,4.7,4.6,28.2,47.2,997.6,999.1,2.8,0.5,28.6,35.8,Yes
2024-02-26,Ahmedabad,14.1,26.9,0.2,17.9,32.1,1004.7,Yes,9.1,12.7,29.9,12.8,14.4,22.2,35.2,1006.8,1006.2,1.5,1.8,17.0,25.7,No
2024-02-27,Chandigarh,22.7,31.8,0.1,5.4,56.2,993.3,No,10.7,3.3,18.6,5.0,5.0,58.9,41.8,997.0,995.2,5.2,2.4,26.8,30.4,No
2024-02-27,Mumbai,15.1,20.3,0.0,23.0,67.6,1004.8,No,6.4,10.3,36.4,21.7,23.8,60.0,55.9,1006.2,1006.6,2.5,1.5,19.5,17.3,No
2024-02-27,Coimbatore,18.1,28.0,0.5,17.1,54.1,1006.8,No,7.7,12.8,39.2,14.3,18.6,59.6,51.3,1005.2,1006.1,1.5,5.5,20.5,24.2,No
2024-02-27,Chennai,22.3,33.6,0.5,16.2,68.1,1011.8,No,9.8,1.8,28.6,13.3,18.9,78.0,62.8,1012.4,1008.4,7.9,5.3,24.5,30.9,Yes
2024-02-28,Patna,26.7,35.6,0.1,15.3,67.0,999.8,No,4.3,0.3,38.5,15.1,14.3,63.8,47.2,1001.6,1001.6,0.9,1.0,30.9,32.8,No
2024-02-28,Coimbatore,15.3,26.5,0.4,28.7,56.2,1004.0,No,6.1,10.8,45.9,27.8,33.4,44.2,69.0,1006.8,1005.6,1.2,4.8,19.7,24.7,No
2024-02-28,Ahmedabad,28.1,33.6,0.3,29.0,30.2,990.6,No,2.4,2.0,39.2,25.2,34.0,38.6,39.0,987.7,990.4,2.8,3.0,29.4,30.5,No
2024-02-28,Hyderabad,19.0,31.7,0.9,20.3,49.6,1020.5,No,3.6,7.7,38.1,14.7,21.4,43.4,57.7,1023.3,1023.4,4.0,3.6,23.1,30.3,Yes
2024-02-28,Chandigarh,15.9,26.4,0.4,7.3,38.1,993.5,No,4.6,12.2,19.2,6.7,6.1,44.9,30.6,996.0,991.1,3.8,1.4,19.8,22.8,No
2024-02-29,Thiruvananthapuram,20.0,30.3,0.2,26.2,72.9,1007.2,No,10.3,5.6,41.2,22.2,26.9,66.2,80.7,1007.6,1005.5,0.6,1.4,24.7,28.4,No
2024-02-29,Nagpur,12.9,22.5,3.9,13.9,49.2,1009.3,No,6.5,7.7,29.6,10.8,12.5,50.2,55.8,1007.8,1010.3,0.2,3.4,17.0,20.5,Yes
2024-02-29,Hyderabad,19.8,26.8,1.1,13.8,57.3,1020.6,No,9.2,2.6,37.4,10.2,12.0,59.5,40.1,1019.0,1023.2,7.8,3.0,24.5,24.2,Yes
2024-03-01,Delhi,28.0,35.0,0.3,22.5,60.2,1012.3,No,3.1,11.9,40.5,18.9,26.8,71.1,44.3,1014.6,1009.0,0.2,2.4,33.0,33.5,No
2024-03-01,Coimbatore,29.7,36.4,0.1,29.9,59.5,1016.1,No,8.7,6.9,53.7,21.1,32.6,75.6,41.7,1016.2,1013.5,3.4,3.9,31.9,34.1,No
2024-03-01,Kochi,29.0,37.7,0.4,13.3,63.2,1010.0,Yes,9.2,7.1,30.8,9.7,12.7,56.6,43.7,1009.5,1006.6,1.5,0.6,30.4,36.1,No
2024-03-01,Chandigarh,35.0,40.0,0.0,20.3,52.4,1023.4,No,2.0,12.5,38.1,15.8,22.4,69.8,49.3,1022.6,1024.9,4.1,5.3,38.8,38.3,No
2024-03-02,Goa,27.6,42.5,0.5,9.4,70.6,1009.4,No,5.8,11.8,29.0,8.4,10.7,86.9,82.8,1007.1,1009.2,4.4,4.5,31.0,41.0,No
2024-03-02,Nagpur,33.6,45.8,0.2,15.0,37.6,990.6,No,7.5,8.7,35.0,14.3,13.3,26.8,47.4,988.7,993.5,5.1,3.0,38.5,44.5,No
2024-03-02,Kochi,29.0,40.4,0.3,21.3,67.0,1010.7,Yes,4.6,5.1,44.0,16.2,24.1,71.7,73.7,1012.7,1008.1,3.4,5.2,31.7,36.5,No
2024-03-03,Kochi,29.0,35.6,0.2,26.2,71.3,1011.0,Yes,10.9,6.8,47.1,20.8,24.6,63.1,71.0,1010.2,1007.6,4.1,4.2,31.4,34.4,No
2024-03-03,Mumbai,28.0,37.4,0.4,29.5,65.1,998.3,No,5.9,3.7,45.8,21.5,25.1,64.6,71.7,1001.6,999.0,0.6,4.0,31.5,34.0,No
2024-03-03,Thiruvananthapuram,29.8,43.5,0.5,5.3,68.3,996.1,No,3.5,10.9,22.0,4.4,6.2,85.5,59.2,994.6,998.1,5.4,3.2,33.3,41.7,No
2024-03-03,Chandigarh,30.0,41.3,4.8,20.2,47.6,996.7,No,8.8,4.2,40.9,17.6,23.8,34.5,31.3,995.0,997.6,5.2,7.1,34.0,38.8,Yes
2024-03-04,Hyderabad,25.4,39.2,0.2,28.5,31.8,1007.9,No,2.5,4.9,51.4,23.4,25.1,31.7,25.3,1011.3,1009.3,3.0,5.9,28.3,38.0,No
2024-03-04,Jaipur,21.3,30.7,0.1,23.0,21.3,1010.7,No,11.4,12.3,40.8,21.5,23.6,25.6,5.3,1008.6,1010.4,1.6,0.1,25.2,29.6,No
2024-03-04,Kolkata,28.9,39.3,0.3,29.9,79.1,1019.4,Yes,6.3,4.5,53.5,22.7,31.3,78.3,60.5,1018.9,1017.3,4.1,5.7,31.0,35.9,No
2024-03-04,Bhopal,16.1,26.5,0.3,21.2,27.5,1018.8,No,11.7,10.0,45.1,18.1,17.9,31.0,11.9,1020.0,1018.2,3.7,0.1,17.9,24.0,No
2024-03-05,Delhi,13.9,24.2,0.4,21.5,63.5,991.3,No,4.9,7.8,35.7,17.3,25.1,55.8,74.1,988.5,987.9,5.1,3.8,17.9,22.5,No
2024-03-05,Ahmedabad,30.2,42.6,0.3,23.2,42.0,1021.8,No,9.4,1.1,38.6,22.3,20.8,31.0,33.4,1020.3,1024.2,5.2,3.0,31.4,39.4,No
2024-03-05,Kolkata,29.4,44.1,0.5,21.8,66.8,1014.4,No,4.4,10.4,43.1,17.3,21.7,62.1,55.8,1011.6,1012.4,3.3,0.0,31.5,40.4,No
2024-03-05,Chandigarh,24.8,35.9,0.4,21.4,44.1,994.1,No,5.4,10.5,39.6,17.9,18.6,51.4,58.2,996.9,990.5,2.3,5.6,27.9,32.9,No
2024-03-06,Goa,31.5,36.8,0.3,10.3,70.4,1023.1,No,7.2,6.6,24.2,9.7,12.0,82.7,57.2,1020.7,1023.3,0.3,4.0,34.7,33.8,No
2024-03-06,Chennai,32.9,42.1,0.3,24.2,58.0,1017.3,No,11.7,4.0,35.2,19.4,26.5,58.3,66.6,1018.1,1019.8,5.7,0.4,35.7,39.3,No
2024-03-06,Hyderabad,26.1,35.1,0.3,17.4,50.3,993.2,No,4.6,10.1,30.3,16.9,17.0,42.3,45.7,993.0,992.2,3.5,3.1,27.7,33.9,No
2024-03-06,Delhi,29.7,40.3,0.4,6.8,39.4,1000.7,No,11.3,5.5,28.7,5.3,7.2,54.9,20.8,1003.5,1000.7,3.6,3.1,34.2,39.2,No
2024-03-07,Nagpur,33.6,46.6,0.2,14.0,47.5,1015.2,No,8.1,5.4,28.5,9.9,11.2,40.4,41.7,1018.1,1016.8,1.6,1.5,35.5,44.6,No
2024-03-07,Ahmedabad,29.5,38.9,0.1,11.1,27.6,1014.7,Yes,6.7,8.3,34.4,10.7,12.2,13.9,27.8,1017.2,1010.8,3.3,5.1,32.4,37.8,No
2024-03-07,Jaipur,15.3,24.4,0.1,16.0,21.2,1021.1,No,3.4,10.7,37.9,14.3,18.3,32.0,32.1,1021.1,1022.3,6.0,4.3,16.7,21.9,No
2024-03-07,Patna,27.1,33.8,0.5,6.6,68.9,1006.3,No,8.0,8.4,17.5,6.5,6.7,73.5,67.1,1007.6,1004.1,1.7,3.1,31.3,32.7,No
2024-03-08,Kolkata,33.1,47.5,0.4,15.0,74.2,1000.6,No,5.2,6.5,29.2,14.8,13.8,62.6,72.6,998.0,997.4,1.3,2.8,35.9,44.1,No
2024-03-08,Goa,30.7,40.0,0.0,24.9,61.7,990.4,No,6.8,1.8,38.4,24.4,28.5,71.5,58.6,991.1,993.3,5.8,1.3,34.9,38.4,No
2024-03-08,Coimbatore,26.5,38.3,0.3,27.6,53.1,1022.1,Yes,3.6,5.1,46.9,20.6,32.8,70.1,38.9,1020.0,1018.7,5.5,1.2,29.2,35.9,No
2024-03-08,Nagpur,30.2,35.9,0.4,13.2,41.8,990.7,No,8.3,3.9,36.8,11.7,10.9,58.6,55.3,988.2,990.4,1.8,2.4,31.9,33.2,No
2024-03-08,Chennai,36.6,46.6,0.4,9.8,56.2,1005.2,No,3.9,10.8,23.8,9.1,8.7,52.5,52.5,1008.8,1007.7,1.2,2.1,38.2,44.1,No
2024-03-09,Nagpur,24.5,30.0,0.2,29.4,41.9,1004.6,No,4.0,3.0,43.8,22.1,28.0,58.8,43.5,1004.4,1007.1,0.3,1.3,27.7,27.1,No
2024-03-09,Pune,23.2,32.3,0.2,15.7,56.2,993.3,No,3.3,13.3,32.8,12.5,17.3,58.7,47.1,996.0,995.3,4.0,0.3,26.5,29.0,No
2024-03-09,Kochi,29.0,36.3,3.2,5.2,77.6,1005.6,No,10.2,2.9,23.3,4.7,5.6,96.1,76.2,1005.4,1008.3,5.1,2.4,30.5,32.8,Yes
2024-03-10,Indore,30.0,38.5,0.0,14.2,39.8,1018.2,No,10.5,11.2,29.5,12.9,12.3,56.1,33.9,1018.4,1019.1,4.9,1.4,33.6,36.3,No
2024-03-10,Bangalore,22.6,34.5,0.1,11.2,46.6,1013.7,No,2.2,2.3,30.3,10.2,9.1,32.9,58.2,1011.2,1015.9,1.4,4.4,24.8,30.9,No
2024-03-10,Goa,30.5,39.5,0.0,25.2,56.5,990.3,No,4.6,8.9,42.0,24.2,29.4,76.4,41.9,993.4,988.2,3.5,3.0,31.6,35.7,No
2024-03-11,Chandigarh,16.2,30.2,0.3,8.3,61.9,1017.2,No,8.0,0.5,25.7,6.2,7.2,59.7,57.0,1018.6,1013.8,3.0,1.1,19.5,27.3,No
2024-03-11,Indore,27.0,39.4,0.2,5.5,40.1,1012.7,No,8.5,8.7,20.1,4.0,4.6,57.4,44.2,1010.6,1011.2,3.6,5.0,28.2,37.7,No
2024-03-11,Hyderabad,33.7,38.8,0.1,5.7,36.0,992.3,No,4.4,12.3,21.9,5.2,6.7,35.3,22.7,993.0,994.7,4.8,0.4,37.4,36.1,No
2024-03-11,Chennai,36.1,42.3,0.2,12.0,63.0,992.5,No,5.2,13.2,26.2,10.0,12.8,53.7,60.0,994.6,994.5,3.8,4.0,37.6,38.5,No
2024-03-11,Delhi,13.6,26.3,0.4,16.1,35.6,997.7,No,8.2,10.8,27.6,15.9,18.6,30.1,44.4,998.3,996.9,1.9,3.5,17.5,24.1,No
2024-03-12,Chennai,31.6,40.5,0.2,16.9,59.9,1007.0,No,6.7,2.5,29.1,13.2,19.8,48.8,66.4,1009.3,1008.7,5.3,1.6,33.5,38.1,No
2024-03-12,Indore,21.8,34.1,0.5,17.3,49.1,1000.3,No,6.4,10.6,33.6,17.0,20.0,64.6,31.6,1003.2,1001.7,0.6,0.6,23.2,33.1,No
2024-03-12,Nagpur,29.3,44.1,0.1,18.7,48.2,1020.0,No,7.7,4.8,37.1,13.5,20.6,43.1,59.2,1019.6,1017.0,4.2,1.0,33.3,40.2,No
2024-03-13,Nagpur,30.7,39.6,0.5,13.1,42.6,1017.5,No,10.2,5.7,28.0,12.1,10.9,29.3,38.3,1017.6,1019.8,0.8,0.7,32.3,38.5,No
2024-03-13,Goa,27.4,39.0,0.3,7.6,63.6,991.8,No,10.8,7.4,30.0,7.3,8.9,81.9,63.1,991.2,994.5,3.3,0.4,30.9,36.2,No
2024-03-13,Jaipur,36.5,48.0,0.3,14.3,29.0,1000.3,No,8.7,1.0,28.2,13.1,14.2,28.0,14.3,1000.3,1001.6,1.6,0.0,40.2,44.1,No
2024-03-13,Delhi,26.4,32.6,0.3,10.2,37.8,1004.1,No,10.1,10.4,30.1,7.9,8.6,43.0,37.2,1002.4,1000.5,0.5,6.0,30.5,28.8,No
2024-03-14,Indore,25.9,36.4,0.5,26.9,35.1,996.9,No,9.0,6.4,45.0,25.7,26.7,33.1,32.3,998.0,994.2,5.4,4.0,29.5,35.1,No
2024-03-14,Lucknow,27.5,33.7,0.3,15.8,37.8,993.1,No,3.7,13.8,34.2,14.3,14.7,26.1,51.9,992.1,992.1,3.9,0.1,31.7,31.1,No
2024-03-14,Mumbai,26.9,32.6,0.1,22.3,49.9,992.3,No,7.7,5.7,37.7,17.0,23.8,68.8,36.0,993.5,991.3,2.7,1.5,31.2,30.1,No
2024-03-14,Delhi,24.7,32.7,0.1,14.8,32.3,1014.2,No,6.2,6.6,30.3,10.8,13.6,40.5,35.6,1013.2,1013.4,1.2,1.3,25.8,29.0,No
2024-03-14,Goa,28.1,35.3,0.4,21.1,60.6,994.7,No,5.4,5.7,39.5,16.4,22.4,49.7,59.4,994.8,992.6,4.8,7.0,33.0,32.5,Yes
2024-03-15,Delhi,11.0,24.7,0.3,26.8,45.5,990.4,No,6.5,4.8,38.9,22.3,26.7,44.6,49.3,990.4,993.2,3.6,4.8,12.5,22.6,No
2024-03-15,Lucknow,21.1,31.8,9.5,21.7,65.1,997.4,Yes,7.4,6.7,33.6,16.0,22.2,83.3,59.7,996.7,997.7,7.4,6.7,26.1,30.7,Yes
2024-03-15,Ahmedabad,22.1,33.2,0.4,14.2,48.7,992.0,No,7.1,7.8,35.2,11.5,14.9,54.2,47.9,993.5,989.8,0.5,0.7,24.0,30.7,No
2024-03-16,Kochi,29.0,40.0,0.4,11.4,62.1,1008.6,No,8.8,7.6,24.9,9.9,12.8,48.1,64.2,1008.0,1006.6,2.4,2.1,33.3,38.2,No
2024-03-16,Coimbatore,30.1,36.1,0.1,10.6,64.0,1004.4,No,11.3,6.8,30.1,9.7,10.0,74.2,67.7,1006.4,1003.8,2.3,1.3,34.4,33.2,No
2024-03-16,Nagpur,27.6,42.0,0.4,14.4,36.4,1018.4,No,4.3,10.3,28.9,10.8,16.0,32.4,48.4,1021.2,1020.3,4.6,5.3,31.8,39.2,No
2024-03-17,Surat,32.1,46.0,0.2,13.1,56.0,1011.1,No,11.8,9.3,23.8,10.5,13.8,43.0,36.8,1011.3,1009.4,2.6,1.6,33.8,42.9,No
2024-03-17,Delhi,23.9,30.9,0.1,25.3,37.8,992.6,No,9.5,10.5,46.1,22.8,25.1,45.3,19.1,993.9,994.0,3.0,2.1,26.0,28.0,No
2024-03-17,Lucknow,29.6,43.3,0.4,17.9,47.0,1008.5,No,7.8,10.5,42.4,13.0,14.7,64.8,45.5,1009.8,1007.9,0.6,4.6,33.6,41.4,No
2024-03-18,Goa,30.2,38.8,7.2,26.0,56.0,1008.8,No,2.3,2.9,39.6,21.7,21.6,74.4,43.8,1012.3,1007.8,7.9,4.4,34.9,37.8,Yes
2024-03-18,Delhi,30.2,44.2,0.5,18.2,30.6,1009.0,No,3.4,0.0,40.3,13.2,19.2,47.6,17.9,1010.6,1005.5,3.6,1.0,34.1,42.3,No
2024-03-18,Pune,25.8,36.8,0.3,22.2,44.3,995.5,No,3.3,6.0,35.9,20.5,20.1,60.1,55.5,993.9,995.8,0.5,2.3,29.6,33.8,No
2024-03-18,Hyderabad,30.5,38.3,0.3,11.2,41.3,1014.8,No,5.2,4.7,21.6,9.0,12.6,57.7,39.5,1015.0,1011.0,5.3,0.1,35.3,35.9,No
2024-03-19,Bangalore,20.3,26.5,0.1,26.4,64.6,1015.2,Yes,4.6,0.3,39.7,18.9,22.2,64.7,52.6,1015.8,1013.0,5.6,5.4,23.5,24.4,No
2024-03-19,Ahmedabad,27.2,36.4,0.5,19.0,45.5,1001.8,No,3.0,2.8,35.2,14.5,21.9,36.0,41.4,1003.0,1002.6,2.3,5.2,30.5,34.0,No
2024-03-19,Delhi,11.8,21.5,0.2,5.3,57.8,994.1,No,5.0,9.8,27.2,4.2,5.3,57.6,52.2,992.8,991.1,1.2,0.3,13.6,20.4,No
2024-03-19,Patna,28.1,36.2,0.2,26.0,69.2,990.3,No,2.3,13.2,49.4,22.4,26.4,77.1,62.7,991.8,986.6,0.3,2.7,31.3,32.6,No
2024-03-19,Goa,27.5,40.7,0.2,17.6,59.2,995.3,No,10.0,6.2,34.9,16.8,19.0,61.4,48.2,998.5,995.3,1.3,1.6,31.7,39.6,No
2024-03-20,Coimbatore,29.5,35.6,0.2,20.8,53.7,1001.0,Yes,3.1,8.8,32.3,15.2,22.7,50.1,67.9,998.3,1000.1,0.7,2.1,34.5,31.9,No
2024-03-20,Chennai,27.5,38.1,0.5,29.8,64.7,1023.9,No,9.9,9.3,45.0,22.4,24.8,74.0,72.2,1026.7,1026.3,5.3,6.0,29.5,34.8,No
2024-03-20,Bhopal,26.7,34.3,0.0,20.1,59.4,1014.1,No,11.4,3.3,31.4,15.6,16.2,45.6,71.4,1013.6,1013.0,0.1,1.6,30.9,31.5,No
2024-03-20,Chandigarh,28.8,38.3,0.4,21.5,40.8,1000.4,No,3.4,9.6,45.2,19.0,22.0,59.5,42.8,999.2,998.5,4.2,4.4,31.1,36.3,No
2024-03-20,Delhi,36.8,42.8,0.0,6.4,41.2,1013.6,No,8.7,11.8,22.4,5.5,6.2,36.7,49.3,1012.5,1014.7,1.2,1.5,39.1,40.0,No
2024-03-21,Kochi,29.0,36.7,0.5,6.0,77.1,999.4,No,9.1,6.3,17.5,5.5,4.9,92.6,62.0,997.3,996.6,5.8,4.2,33.2,34.5,No
2024-03-21,Patna,21.1,28.4,0.1,9.2,54.4,1023.2,No,11.7,0.2,26.5,7.4,9.1,59.4,49.7,1023.1,1024.3,4.1,5.0,23.1,25.6,No
2024-03-21,Goa,29.9,38.6,0.1,22.1,64.7,993.7,Yes,8.6,13.3,43.0,15.8,25.5,79.9,60.2,994.8,996.5,3.2,5.4,31.3,37.1,No
2024-03-22,Thiruvananthapuram,29.5,37.6,0.1,11.1,79.5,1015.6,No,3.7,7.4,25.4,9.8,9.4,87.4,69.4,1012.6,1012.5,5.6,5.2,31.4,34.2,No
2024-03-22,Hyderabad,30.3,45.0,0.2,18.5,41.2,1023.7,Yes,4.9,1.7,39.0,16.5,17.5,59.5,22.0,1022.9,1026.2,1.9,1.5,33.4,41.5,No
2024-03-22,Patna,15.5,29.9,0.2,24.6,63.9,1004.1,No,11.6,1.8,40.9,20.8,23.4,61.6,45.7,1005.9,1003.1,1.2,4.9,19.7,27.4,No
2024-03-22,Bangalore,22.1,33.5,0.0,5.2,43.6,993.3,No,3.5,1.0,30.1,4.1,4.4,37.1,56.4,994.0,991.9,5.2,2.4,24.4,31.8,No
2024-03-23,Chennai,35.7,48.9,0.4,7.7,69.7,1002.8,No,8.9,13.7,28.6,7.5,8.6,60.4,58.4,1002.2,1000.0,3.5,5.9,39.8,46.6,No
2024-03-23,Coimbatore,25.0,33.2,0.2,27.7,55.5,998.9,Yes,3.0,0.7,37.8,22.1,29.5,66.1,51.4,1000.7,997.4,4.0,0.2,27.6,29.8,No
2024-03-23,Jaipur,34.3,46.4,0.1,8.3,23.2,996.3,No,5.3,2.9,25.7,7.0,9.6,9.4,14.4,997.5,996.6,2.9,4.9,35.5,43.0,No
2024-03-24,Chandigarh,21.0,26.2,0.3,9.7,32.6,992.5,No,9.7,11.8,29.0,8.7,7.9,46.6,40.2,991.3,993.4,1.3,0.2,22.8,24.7,No
2024-03-24,Nagpur,25.7,34.9,0.0,14.9,50.3,1011.2,No,5.0,12.1,36.1,14.3,14.9,39.8,54.6,1009.6,1010.3,0.4,5.0,27.2,31.2,No
2024-03-24,Surat,35.1,44.7,0.2,16.6,63.6,1017.5,No,11.4,6.8,33.5,15.5,18.7,68.0,49.9,1017.8,1020.3,4.5,4.9,36.2,42.3,No
2024-03-24,Hyderabad,30.8,44.1,0.1,12.0,31.5,1001.1,No,7.3,0.7,24.4,11.4,10.3,24.6,27.3,1001.7,1002.4,2.7,4.7,34.2,42.7,No
2024-03-24,Kochi,29.0,38.4,0.2,10.7,67.9,996.0,No,7.8,5.9,28.4,8.0,11.4,82.8,57.0,996.4,998.8,2.0,3.6,30.4,35.6,No
2024-03-25,Bhopal,24.1,31.2,0.2,29.5,25.1,1005.7,No,5.5,6.3,41.5,21.1,32.8,30.1,31.8,1003.7,1005.7,1.5,1.4,25.1,29.8,No
2024-03-25,Kolkata,24.6,30.8,0.1,6.6,79.6,1010.6,Yes,10.6,13.5,20.3,5.5,5.3,87.0,74.1,1009.5,1008.0,3.9,2.5,26.4,27.7,No
2024-03-25,Pune,26.4,40.0,0.1,16.0,42.9,1014.3,No,11.4,2.0,35.7,13.1,19.0,39.5,56.6,1017.6,1012.2,4.8,6.0,28.4,37.7,No
2024-03-25,Mumbai,28.6,36.6,0.2,26.8,45.5,996.0,No,9.0,1.2,46.6,24.0,31.7,30.6,34.1,999.5,998.5,4.3,4.6,30.0,34.0,No
2024-03-26,Jaipur,28.3,39.4,0.4,14.0,52.1,994.1,No,11.7,12.9,37.3,11.7,16.0,38.8,37.3,994.0,993.5,1.6,2.1,30.0,36.9,No
2024-03-26,Lucknow,32.1,43.7,0.3,20.5,38.8,1003.7,No,11.7,1.3,36.4,16.9,21.2,29.1,25.0,1002.7,1006.4,4.4,4.0,36.3,42.3,No
2024-03-26,Kolkata,32.9,43.8,0.4,29.2,60.1,994.0,No,11.6,5.0,40.2,21.9,35.0,64.8,52.5,993.1,991.8,4.0,2.5,37.8,40.8,No
2024-03-26,Pune,27.8,35.7,0.1,16.1,42.0,1023.3,No,3.7,2.8,30.3,16.1,14.6,38.5,45.1,1022.4,1020.9,1.0,1.9,29.2,34.6,No
2024-03-27,Nagpur,29.0,37.5,0.4,8.9,50.6,1020.1,No,6.5,5.7,29.2,6.9,9.4,66.3,45.3,1023.5,1023.1,0.6,1.4,33.8,33.6,No
2024-03-27,Indore,18.8,23.9,0.3,5.5,34.8,1019.7,No,8.0,3.9,28.4,4.3,5.9,43.4,22.6,1016.9,1018.6,1.7,4.9,23.0,21.5,No
2024-03-27,Lucknow,27.6,38.6,0.1,16.2,64.0,1008.8,No,6.4,1.3,37.0,12.4,14.3,63.4,51.9,1009.9,1007.4,2.7,3.2,29.4,37.1,No
2024-03-28,Bangalore,20.4,28.7,0.1,25.2,39.3,990.3,No,3.8,8.5,40.3,22.1,23.3,27.4,27.1,988.6,989.3,3.9,1.6,21.5,26.1,No
2024-03-28,Mumbai,29.2,43.9,0.5,13.1,62.7,1019.0,No,4.4,3.7,30.6,12.1,13.1,50.1,68.0,1021.6,1017.0,4.0,2.6,33.8,40.3,No
2024-03-28,Chandigarh,23.1,35.1,0.4,14.7,60.9,997.7,No,10.7,10.1,30.8,11.2,13.9,55.9,47.1,999.9,995.5,2.7,2.3,28.1,32.9,No
2024-03-29,Bhopal,30.0,36.9,0.1,23.5,52.2,1003.5,No,6.2,10.3,35.2,22.1,21.2,45.9,52.9,1001.0,999.7,1.6,3.2,34.6,33.4,No
2024-03-29,Indore,25.8,31.2,0.1,24.3,46.1,999.7,No,5.5,11.4,39.1,18.2,23.7,46.9,26.6,997.6,997.0,0.7,2.0,30.7,28.7,No
2024-03-29,Nagpur,30.7,39.2,3.3,24.1,44.7,995.5,No,6.9,2.7,36.3,20.9,26.5,39.6,32.4,996.2,992.6,5.3,4.8,32.0,38.1,Yes
2024-03-30,Nagpur,25.6,34.5,0.4,28.6,42.9,1007.9,No,2.4,7.0,47.4,27.9,23.4,47.9,52.7,1006.6,1010.0,0.1,4.4,30.3,31.5,No
2024-03-30,Bangalore,23.1,28.5,0.3,8.1,62.6,1006.9,Yes,4.1,0.9,26.7,7.2,8.1,76.2,72.7,1008.2,1003.0,4.2,2.5,26.3,25.6,No
2024-03-30,Indore,23.3,37.5,0.5,7.4,34.0,993.9,Yes,5.3,5.2,20.6,6.5,7.2,20.2,25.2,996.6,994.8,4.3,4.2,25.5,36.2,No
2024-03-31,Lucknow,25.8,39.5,0.2,5.7,59.1,996.8,No,10.1,0.3,28.2,4.2,6.8,65.2,64.8,994.6,998.9,5.0,3.9,28.8,36.3,No
2024-03-31,Chandigarh,10.1,21.1,0.2,7.7,59.7,1015.4,No,4.1,2.1,29.6,5.5,8.3,57.5,66.1,1019.2,1012.3,1.9,4.9,12.2,19.4,No
2024-03-31,Bhopal,31.5,46.4,0.1,24.3,44.5,1016.7,No,10.8,0.4,42.8,18.6,22.8,57.0,31.2,1018.1,1017.2,5.7,4.7,35.7,43.8,No
2024-03-31,Chennai,28.9,38.1,0.2,9.2,63.2,999.3,No,8.9,9.0,29.5,7.5,8.3,74.8,70.3,999.5,999.6,2.2,4.2,33.2,35.1,No
2024-04-01,Hyderabad,33.2,43.8,0.1,28.2,46.0,1016.6,No,6.6,9.2,51.9,20.5,31.2,52.6,46.9,1015.7,1017.4,4.8,0.7,36.4,42.5,No
2024-04-01,Coimbatore,31.1,41.2,0.0,11.1,61.2,999.9,Yes,7.6,0.3,28.9,9.1,11.4,70.7,63.4,1003.7,996.8,2.6,2.5,33.8,38.2,No
2024-04-01,Thiruvananthapuram,29.5,39.7,0.2,26.0,68.6,993.9,No,12.0,4.1,41.4,25.5,28.2,64.0,69.0,997.5,995.6,4.5,4.4,31.2,36.2,No
2024-04-02,Lucknow,35.4,47.5,0.2,20.6,61.1,1015.7,No,10.5,11.2,31.2,16.8,16.8,49.7,62.2,1018.8,1012.5,2.7,5.5,39.7,44.9,No
2024-04-02,Bhopal,30.4,40.7,0.2,25.0,30.5,1022.6,No,6.3,6.9,39.0,22.8,28.0,23.9,12.0,1023.9,1022.5,2.4,3.9,33.6,38.9,No
2024-04-02,Coimbatore,27.8,37.1,0.4,22.2,62.6,1010.5,No,11.4,3.5,40.3,20.2,23.8,56.4,63.1,1013.0,1009.8,4.8,2.2,32.5,34.5,No
2024-04-02,Surat,31.3,36.7,0.3,25.9,49.3,992.2,No,9.8,2.6,45.4,24.4,27.3,45.1,52.2,990.7,990.4,1.4,3.3,32.8,32.9,No
2024-04-03,Jaipur,19.8,27.1,0.2,7.8,46.9,1004.3,Yes,8.8,9.8,28.7,7.2,6.3,65.3,55.4,1007.6,1000.4,5.6,4.9,24.1,25.8,No
2024-04-03,Delhi,29.9,44.5,0.2,16.9,52.1,1011.0,No,11.3,1.1,34.4,15.3,18.9,57.5,64.0,1014.6,1007.4,2.4,0.1,32.3,41.9,No
2024-04-03,Chandigarh,32.8,46.2,0.3,27.5,34.5,999.3,No,11.3,5.6,50.8,22.4,30.1,36.1,18.8,1002.8,998.5,4.4,2.2,33.8,44.9,No
2024-04-03,Goa,29.5,41.4,0.4,27.9,61.7,1007.2,No,6.9,6.3,40.9,22.1,22.8,68.9,50.4,1006.4,1008.6,2.0,1.5,31.2,38.1,No
2024-04-04,Chandigarh,17.3,27.7,0.5,7.2,30.8,1015.3,No,10.5,10.3,26.4,6.8,6.9,23.6,28.8,1016.1,1015.0,3.4,5.7,21.9,24.0,No
2024-04-04,Thiruvananthapuram,29.8,44.2,0.4,23.7,62.0,1007.7,No,3.4,3.5,44.7,17.8,22.3,56.2,54.2,1009.6,1006.3,3.3,0.6,34.0,42.1,No
2024-04-04,Bhopal,28.0,40.2,0.2,28.6,32.3,996.4,No,9.6,2.9,43.6,26.9,30.8,44.1,27.8,998.4,995.1,1.3,3.8,32.9,38.3,No
2024-04-04,Chennai,31.6,43.3,0.0,23.8,63.1,1024.9,No,10.6,9.1,46.7,17.5,22.4,78.8,50.2,1022.5,1026.5,5.0,1.0,36.0,40.3,No
2024-04-05,Mumbai,31.5,37.0,0.4,6.2,45.9,1011.5,No,10.8,11.4,26.1,5.0,5.1,51.2,51.1,1009.2,1011.9,1.7,4.6,34.6,35.6,No
2024-04-05,Indore,26.5,35.4,0.2,7.4,35.4,990.4,Yes,5.0,0.8,26.3,5.4,8.0,22.3,17.5,989.6,992.7,3.8,4.6,28.0,31.9,No
2024-04-05,Jaipur,15.2,22.3,0.0,20.6,39.6,1025.0,No,7.6,0.8,34.7,20.1,19.4,47.8,54.6,1023.8,1025.0,4.2,1.0,16.8,20.0,No
2024-04-05,Kolkata,25.8,37.9,0.3,8.4,52.1,1009.7,Yes,3.5,11.1,31.7,6.6,8.2,49.5,34.6,1011.4,1011.5,1.8,5.9,27.1,34.9,No
2024-04-05,Kochi,29.0,38.5,0.4,25.9,69.2,999.9,No,5.2,10.2,37.7,19.4,24.0,74.9,71.7,999.7,996.4,2.2,4.1,32.7,37.0,No
2024-04-06,Coimbatore,28.2,38.2,0.3,18.9,53.6,1015.8,No,11.3,5.3,35.9,13.7,19.7,48.6,39.2,1016.6,1015.5,0.5,4.2,31.7,36.6,No
2024-04-06,Jaipur,26.3,38.5,0.3,21.8,36.2,1022.9,No,2.7,6.4,45.2,15.9,26.1,54.4,18.9,1026.4,1021.4,5.1,2.5,29.0,35.6,No
2024-04-06,Indore,30.9,36.3,0.2,13.4,47.8,1006.4,No,3.1,2.0,23.9,11.2,15.8,36.8,60.9,1008.6,1006.9,3.9,5.0,32.4,33.8,No
2024-04-07,Bhopal,16.2,21.7,0.4,10.5,38.3,991.8,No,4.7,7.7,22.7,7.8,12.4,51.5,24.6,991.6,990.3,4.7,3.1,17.7,18.5,No
2024-04-07,Jaipur,24.5,32.2,0.1,5.5,30.0,1003.9,No,9.7,2.4,16.1,4.9,6.1,43.5,27.3,1002.4,1005.1,4.2,1.5,29.1,30.8,No
2024-04-07,Hyderabad,34.8,48.4,0.1,6.8,50.6,1005.5,No,5.9,10.4,22.6,5.4,7.0,66.2,32.3,1005.2,1002.6,4.2,0.6,38.5,46.5,No
2024-04-08,Jaipur,31.1,44.0,0.1,11.2,36.2,995.7,No,4.2,7.3,29.7,11.0,9.9,43.7,44.8,996.6,993.5,1.6,0.2,33.4,40.7,No
2024-04-08,Nagpur,20.8,28.0,0.3,9.0,56.2,1003.6,No,6.0,8.1,33.2,6.5,9.0,52.7,54.0,1000.7,1001.8,4.9,3.3,23.6,26.1,No
2024-04-08,Indore,22.4,31.2,0.2,15.7,55.1,1019.6,No,7.5,3.2,36.8,13.5,17.6,67.4,42.6,1021.6,1021.2,2.1,1.0,23.4,28.8,No
2024-04-08,Goa,28.8,39.3,0.1,17.5,58.8,1006.8,No,4.2,3.8,30.0,16.0,19.4,59.9,63.8,1009.0,1003.8,5.8,4.9,30.6,37.8,No
2024-04-08,Chennai,28.3,34.6,0.4,22.2,66.2,1011.2,No,2.2,4.4,41.7,15.6,18.0,81.0,70.2,1010.0,1012.0,4.8,1.8,29.4,30.8,No
2024-04-09,Nagpur,32.3,43.9,0.0,11.7,57.0,1016.4,No,6.8,11.5,25.7,8.8,12.5,60.6,55.0,1015.2,1012.7,2.5,0.6,37.0,42.8,No
2024-04-09,Chandigarh,20.8,26.3,0.0,7.0,33.3,990.0,No,9.6,8.2,17.5,5.9,7.6,48.8,46.0,989.3,987.0,1.4,4.7,25.7,23.9,No
2024-04-09,Kochi,29.0,38.3,0.0,21.5,66.1,999.1,No,2.3,1.2,35.9,20.7,23.8,51.9,63.7,998.0,999.6,4.3,5.2,31.9,34.3,No
2024-04-10,Bhopal,29.6,42.7,0.4,15.2,55.1,994.0,No,10.5,5.1,34.0,12.9,16.1,74.1,37.0,995.1,996.1,2.9,0.5,32.8,40.7,No
2024-04-10,Surat,25.2,38.7,0.3,15.7,58.0,990.2,No,4.0,12.8,28.3,12.3,15.8,52.3,45.4,991.4,986.8,0.3,2.2,29.1,36.0,No
2024-04-10,Kolkata,26.3,37.0,0.3,25.1,61.0,1021.2,Yes,3.8,4.1,45.9,18.2,28.2,71.1,66.5,1018.9,1022.2,4.1,5.0,27.5,35.9,No
2024-04-11,Bangalore,20.9,28.0,0.4,20.4,35.9,1011.2,No,7.3,1.3,37.0,20.3,23.1,52.2,44.7,1008.9,1008.8,0.0,1.8,22.3,25.6,No
2024-04-11,Nagpur,31.5,45.3,0.0,12.2,57.5,1013.1,Yes,4.5,4.6,26.3,10.4,11.9,60.4,61.0,1012.9,1010.9,1.0,2.1,35.5,42.0,No
2024-04-11,Kochi,29.0,36.3,0.3,19.1,71.8,1007.2,No,9.2,1.5,40.4,14.2,15.8,90.9,85.3,1004.6,1006.3,1.1,2.9,33.3,32.5,No
2024-04-11,Delhi,27.1,35.7,0.4,13.1,49.1,1009.5,No,4.9,0.5,35.4,11.0,12.2,50.6,57.8,1007.4,1011.5,5.4,5.7,29.7,34.0,No
2024-04-11,Patna,22.0,30.3,0.4,21.1,45.3,991.1,No,9.6,10.6,44.4,19.4,24.7,41.9,42.9,988.2,987.2,1.4,0.6,24.0,28.8,No
2024-04-12,Chennai,30.1,42.8,0.0,20.6,68.0,1000.5,No,6.7,1.6,36.1,14.6,21.8,84.2,79.0,1002.4,999.7,3.1,0.8,32.5,41.2,No
2024-04-12,Patna,32.7,46.9,0.3,16.3,56.1,1014.6,Yes,4.4,12.3,37.5,15.8,18.4,75.8,42.8,1012.2,1013.0,0.8,3.1,36.2,44.1,No
2024-04-12,Coimbatore,26.8,40.9,0.4,5.4,45.4,1004.6,No,8.2,0.9,17.0,4.9,5.0,42.6,42.5,1008.4,1007.3,2.5,1.6,29.0,39.1,No
2024-04-12,Bhopal,25.6,36.7,0.2,18.5,42.1,1001.9,No,8.8,8.9,35.5,16.1,16.9,28.0,44.0,1000.7,1002.6,4.5,5.5,30.5,35.7,No
2024-04-12,Lucknow,36.8,48.6,0.8,5.4,57.5,1019.3,No,8.5,3.5,18.4,3.9,5.3,46.8,54.5,1020.7,1021.1,5.4,0.5,39.0,46.7,Yes
2024-04-13,Kolkata,23.4,30.8,0.3,14.8,77.0,1006.6,No,11.2,1.8,31.1,11.9,14.8,78.1,75.2,1004.6,1006.2,1.5,1.1,24.7,27.5,No
2024-04-13,Pune,25.6,36.8,0.2,21.0,58.2,1003.2,No,6.9,11.9,44.1,15.8,17.9,65.3,48.7,1000.3,1005.4,1.4,5.6,29.4,33.5,No
2024-04-13,Mumbai,26.4,33.8,0.2,10.1,60.6,995.6,No,9.9,2.3,20.6,9.0,12.1,57.2,44.8,996.6,997.9,4.7,3.7,28.7,31.1,No
2024-04-13,Hyderabad,24.1,35.9,0.0,22.7,51.8,1009.1,No,9.9,2.7,36.6,19.4,21.1,66.9,48.3,1011.7,1009.2,4.6,2.0,28.4,34.1,No
2024-04-13,Indore,26.8,34.0,0.5,24.7,44.3,995.6,No,11.8,0.3,45.2,19.2,20.1,43.4,57.0,992.7,995.7,3.0,5.2,28.2,30.9,No
2024-04-14,Bhopal,27.5,40.8,0.2,25.7,37.6,1022.4,No,3.1,1.5,42.1,18.8,26.9,27.6,35.9,1019.4,1020.6,4.1,2.9,32.4,37.2,No
2024-04-14,Patna,21.6,27.1,0.1,11.5,65.4,1024.9,No,9.2,12.7,25.0,11.1,10.6,84.5,55.2,1028.6,1021.3,4.3,3.2,24.5,25.4,No
2024-04-14,Pune,27.2,34.1,0.0,11.1,53.8,997.0,No,6.1,3.3,28.4,10.6,12.0,59.1,36.9,998.8,994.2,4.7,1.5,29.9,32.1,No
2024-04-14,Lucknow,33.6,39.9,0.5,17.2,54.8,1005.2,No,11.3,7.3,34.5,15.0,18.5,43.5,63.5,1005.3,1001.7,4.7,2.3,35.0,37.0,No
2024-04-14,Surat,35.3,49.2,0.2,14.2,68.9,1018.6,Yes,8.0,8.5,29.6,13.8,14.2,70.2,83.9,1019.1,1015.9,3.1,4.9,39.4,45.8,No
2024-04-15,Ahmedabad,26.3,35.3,0.5,15.0,34.8,1011.3,No,8.5,5.5,37.3,13.0,12.2,26.0,45.1,1012.2,1014.0,0.4,1.8,28.1,32.7,No
2024-04-15,Nagpur,26.5,33.1,0.2,10.1,54.3,1016.1,No,4.9,4.8,31.3,9.7,9.6,49.7,65.4,1020.1,1016.8,5.9,4.0,30.4,30.9,No
2024-04-15,Hyderabad,28.2,34.6,0.2,11.6,54.7,995.4,No,4.6,8.6,35.8,8.3,9.3,60.7,44.6,998.6,993.7,1.7,1.6,29.8,31.9,No
2024-04-15,Chennai,28.7,37.9,3.7,28.6,61.9,1014.4,Yes,3.8,0.8,39.3,23.7,30.0,76.3,65.8,1012.8,1013.6,7.3,2.6,31.7,34.1,Yes
2024-04-16,Chandigarh,25.3,32.0,0.0,5.7,48.5,991.3,No,9.4,4.5,27.6,4.7,5.6,51.5,53.5,990.2,988.2,3.3,2.0,28.1,29.0,No
2024-04-16,Indore,25.9,37.1,0.3,26.8,46.3,1013.8,No,6.3,5.8,48.3,23.5,22.2,62.5,27.4,1016.0,1015.1,5.7,0.3,29.3,34.8,No
2024-04-16,Thiruvananthapuram,29.3,35.2,0.3,24.2,71.3,1015.8,Yes,11.1,5.7,48.5,23.2,22.2,61.8,66.5,1015.6,1015.9,3.5,4.5,32.4,33.9,No
2024-04-17,Surat,27.2,35.7,0.5,25.6,67.6,994.5,No,6.1,13.9,42.7,22.2,25.9,63.9,50.3,997.7,996.1,0.8,4.7,30.7,33.5,No
2024-04-17,Nagpur,24.3,37.9,0.0,9.8,56.0,1006.6,No,4.1,9.3,33.5,8.1,8.7,63.7,66.5,1008.8,1008.7,3.2,4.5,25.9,35.9,No
2024-04-17,Thiruvananthapuram,29.4,39.5,0.1,12.3,78.6,1002.5,Yes,8.1,12.6,36.7,11.0,13.9,82.0,65.9,1003.2,1002.4,4.5,1.3,31.9,37.4,No
2024-04-17,Chandigarh,34.0,43.4,0.3,16.9,56.4,1021.3,No,11.5,3.0,28.0,16.3,19.2,76.2,60.2,1024.9,1023.1,5.1,3.4,36.5,39.6,No
2024-04-18,Patna,17.4,22.5,0.1,16.9,63.2,1000.0,No,11.5,3.5,37.9,14.1,15.5,64.1,45.6,1002.6,997.7,4.4,0.4,22.2,20.9,No
2024-04-18,Chennai,35.8,48.9,0.2,16.1,69.5,996.5,No,3.7,13.7,27.5,14.1,16.9,73.4,72.7,994.3,996.3,1.7,5.6,39.9,45.0,No
2024-04-18,Thiruvananthapuram,29.0,36.9,5.7,17.7,63.9,998.1,Yes,10.9,5.6,33.6,14.4,17.4,55.1,66.1,997.6,1000.1,6.1,4.9,31.5,35.3,Yes
2024-04-18,Kolkata,31.6,41.5,7.5,18.2,56.7,998.0,Yes,6.5,4.6,41.3,17.4,17.8,42.3,51.7,999.3,997.9,5.2,1.2,35.2,40.0,Yes
2024-04-18,Indore,30.5,38.9,6.1,24.9,51.3,997.9,No,8.3,4.7,40.2,21.0,25.9,52.8,55.7,998.0,995.4,1.7,0.0,32.7,35.7,Yes
2024-04-19,Pune,28.2,38.3,0.3,21.8,50.8,996.9,No,4.5,0.3,42.3,19.5,21.0,54.2,64.0,998.0,997.5,0.4,1.0,30.4,35.6,No
2024-04-19,Bangalore,25.4,33.6,0.5,8.9,45.7,1012.2,No,9.2,10.1,28.9,6.6,8.6,34.4,54.3,1013.8,1011.8,2.1,1.1,26.9,29.7,No
2024-04-19,Indore,20.6,26.2,0.0,15.0,58.9,1009.8,No,9.7,0.5,31.0,14.1,15.1,63.1,42.3,1007.8,1010.6,4.1,5.9,24.4,23.7,No
2024-04-20,Jaipur,27.2,33.0,3.7,6.6,53.8,1002.9,No,8.2,4.7,20.9,6.5,6.1,54.5,52.8,1000.6,1005.4,3.0,0.6,29.7,30.2,Yes
2024-04-20,Pune,26.1,38.0,0.0,7.3,41.4,1019.9,No,10.3,5.1,26.5,5.4,6.0,33.9,25.9,1019.1,1019.5,3.5,4.7,29.7,35.2,No
2024-04-20,Patna,22.9,32.6,0.0,10.1,52.4,1012.8,No,10.9,12.0,21.2,7.4,10.0,58.8,42.1,1014.8,1013.0,1.9,0.2,26.9,31.0,No
2024-04-20,Lucknow,33.0,42.2,0.2,24.4,55.2,997.3,No,6.3,2.7,47.9,18.5,19.8,40.9,57.0,998.9,995.5,1.9,2.0,36.7,41.1,No
2024-04-21,Ahmedabad,37.0,51.3,0.0,8.5,33.3,1015.3,No,5.9,5.8,20.9,8.3,6.8,49.5,44.2,1014.5,1016.2,1.5,4.6,40.3,49.4,No
2024-04-21,Hyderabad,27.8,39.7,0.1,6.8,57.2,1018.0,No,8.9,2.4,25.7,6.4,7.4,68.5,55.3,1021.3,1018.2,5.5,3.3,30.8,38.0,No
2024-04-21,Bhopal,25.9,32.3,0.0,26.9,55.4,998.4,No,6.0,6.5,49.8,23.1,23.6,71.7,36.5,1001.7,994.8,4.0,0.4,29.7,31.2,No
2024-04-21,Thiruvananthapuram,29.8,39.5,0.1,15.4,61.9,990.5,No,2.9,1.3,29.5,13.7,15.6,49.3,75.8,993.8,988.4,0.7,5.7,32.7,37.6,No
2024-04-21,Nagpur,28.3,41.1,0.3,8.3,40.1,1020.3,No,8.0,6.3,24.6,6.4,7.9,28.8,28.9,1019.2,1021.3,0.3,3.9,30.2,39.8,No
2024-04-22,Pune,23.9,33.4,0.2,7.6,52.7,1016.9,No,9.7,9.6,28.8,7.0,7.5,45.1,51.4,1020.6,1017.0,0.1,0.4,28.9,32.1,No
2024-04-22,Chandigarh,11.2,19.7,0.3,27.4,63.9,990.8,No,7.2,6.5,50.4,27.1,26.6,55.0,72.5,990.7,993.4,5.7,0.7,16.0,17.6,No
2024-04-22,Jaipur,30.5,35.9,0.5,15.3,50.6,1007.8,No,10.7,10.4,39.5,15.0,14.5,51.2,39.5,1009.4,1006.3,4.7,0.7,32.0,34.2,No
2024-04-22,Ahmedabad,21.6,32.8,0.4,9.1,25.2,1018.4,Yes,9.4,6.1,22.6,8.0,7.9,36.6,6.8,1022.1,1014.9,3.5,5.4,22.6,30.3,No
2024-04-22,Bangalore,22.5,33.3,2.7,10.3,41.8,1011.8,No,5.4,4.5,29.2,8.3,9.4,36.3,27.9,1011.1,1009.2,5.1,4.6,25.0,31.3,Yes
2024-04-23,Pune,26.6,39.2,0.1,14.6,62.5,990.9,No,3.4,9.9,34.5,10.4,16.6,56.2,57.7,992.5,989.9,2.6,0.4,29.2,35.9,No
2024-04-23,Chandigarh,32.9,42.0,0.1,24.9,44.8,1005.4,No,8.1,1.5,44.3,18.8,25.0,48.3,55.5,1005.6,1003.4,1.4,5.2,34.6,39.7,No
2024-04-23,Surat,25.6,38.4,0.4,22.9,56.9,1009.4,No,11.0,12.6,37.9,22.6,18.6,55.0,68.2,1008.3,1007.3,1.8,3.7,28.4,35.2,No
2024-04-23,Lucknow,34.5,46.2,0.1,19.1,42.2,993.1,No,3.1,1.9,33.6,15.0,19.9,55.7,48.8,992.0,990.9,5.8,0.0,39.0,44.6,No
2024-04-23,Kochi,29.0,37.4,0.2,23.3,68.8,1009.4,No,2.4,0.2,40.1,17.2,24.8,61.3,64.0,1007.8,1009.2,0.7,0.1,30.2,33.6,No
2024-04-24,Hyderabad,29.9,37.3,0.2,25.9,31.4,994.0,No,2.3,11.7,38.0,25.0,28.3,22.2,31.2,993.2,991.3,5.2,2.4,32.5,35.8,No
2024-04-24,Chandigarh,19.6,33.3,0.1,26.6,42.7,996.2,No,5.9,0.1,40.7,23.4,29.7,32.4,26.6,999.7,997.5,3.5,4.6,22.3,30.0,No
2024-04-24,Nagpur,26.3,33.8,0.2,28.3,56.9,1022.3,No,4.4,11.2,44.8,27.6,27.8,67.9,53.2,1020.9,1019.7,2.6,4.5,29.7,30.7,No
2024-04-24,Goa,28.4,38.2,0.2,9.2,55.9,990.4,No,8.5,8.6,31.1,7.2,10.2,65.0,47.2,991.2,987.4,2.7,5.3,31.1,34.7,No
2024-04-24,Patna,27.2,34.1,0.1,6.8,57.4,1004.6,No,3.0,5.8,21.4,6.7,6.5,69.0,56.0,1006.5,1002.4,5.7,3.2,31.5,32.0,No
2024-04-25,Kochi,29.0,36.2,0.4,5.4,68.9,1004.5,No,10.6,2.4,24.8,3.9,5.2,88.4,52.4,1004.5,1002.7,5.4,5.2,31.0,35.0,No
2024-04-25,Goa,30.1,38.5,5.8,26.4,68.4,997.4,Yes,2.6,1.7,51.4,21.9,28.6,59.8,69.8,999.5,995.6,6.6,4.8,32.7,35.8,Yes
2024-04-25,Kolkata,28.7,35.3,0.4,28.5,62.1,1006.9,No,4.9,5.8,50.3,24.6,29.0,48.9,56.0,1005.8,1009.9,1.9,5.3,32.4,33.3,No
2024-04-26,Goa,27.7,39.8,0.1,19.3,72.1,992.4,Yes,9.6,1.5,41.8,16.7,20.7,91.1,55.0,995.7,989.3,2.4,5.1,32.3,37.3,No
2024-04-26,Coimbatore,29.2,41.2,3.3,15.6,61.7,1005.8,No,7.1,7.6,33.8,15.4,13.6,72.0,70.1,1007.5,1006.0,4.5,6.9,33.4,39.9,Yes
2024-04-26,Ahmedabad,36.1,45.3,0.4,5.1,28.9,999.2,No,7.0,1.4,26.4,4.0,5.0,16.9,18.9,1001.7,996.3,3.9,5.5,39.8,41.8,No
2024-04-26,Indore,19.0,26.5,0.3,6.1,56.8,1004.5,No,9.8,9.5,23.2,5.9,5.7,52.1,67.4,1007.1,1004.1,0.8,1.3,22.6,24.3,No
2024-04-27,Patna,13.6,26.5,0.8,11.9,49.6,1009.3,No,2.7,0.4,23.6,8.5,13.1,51.6,41.6,1009.2,1011.8,7.3,5.7,18.1,24.5,Yes
2024-04-27,Pune,25.3,36.4,0.5,15.9,55.6,1018.7,No,9.3,3.8,27.4,12.8,15.3,41.2,64.1,1018.3,1018.8,0.4,1.0,29.8,33.6,No
2024-04-27,Mumbai,31.7,46.6,0.5,24.9,56.2,1012.0,No,9.8,5.0,43.5,23.6,26.8,41.9,47.9,1010.0,1009.7,5.4,0.2,33.5,44.7,No
2024-04-28,Goa,30.7,37.4,0.0,7.9,60.7,995.9,No,3.8,13.6,26.2,6.7,9.5,65.2,63.9,995.2,994.6,3.6,0.4,32.7,35.8,No
2024-04-28,Pune,23.1,33.5,0.3,18.0,54.0,994.7,No,9.7,2.3,39.3,16.7,14.8,39.7,68.1,993.1,996.5,3.4,1.6,24.6,31.0,No
2024-04-28,Indore,24.3,36.3,0.4,28.2,57.1,1019.2,No,6.6,10.8,47.1,22.4,33.8,43.5,42.8,1022.4,1015.6,5.3,4.3,25.5,34.0,No
2024-04-29,Goa,30.2,37.7,0.0,11.0,56.0,993.9,Yes,4.2,7.9,25.6,8.1,11.2,71.1,59.8,992.9,993.8,5.7,5.8,33.8,34.1,Yes
2024-04-29,Thiruvananthapuram,29.9,40.7,0.0,9.6,68.6,1024.7,No,6.7,12.2,22.9,8.1,8.2,67.4,54.8,1024.3,1023.3,6.0,6.0,31.3,37.5,No
2024-04-29,Lucknow,14.2,19.5,0.1,11.0,38.7,995.7,No,7.2,8.0,24.3,10.2,10.2,56.0,41.7,995.7,997.2,4.9,1.7,16.6,15.7,No
2024-04-30,Ahmedabad,28.3,37.5,0.0,28.1,38.4,1023.9,No,11.4,5.1,46.1,27.7,32.6,51.1,32.7,1024.9,1025.5,1.6,3.8,32.6,34.4,No
2024-04-30,Kolkata,27.2,38.0,0.4,22.9,79.7,1014.6,No,6.5,6.6,39.9,16.3,20.5,70.1,90.7,1013.5,1011.5,0.7,4.2,28.2,35.6,No
2024-04-30,Kochi,29.0,42.5,0.3,13.8,79.2,1011.0,No,6.4,0.9,35.7,10.6,13.5,81.0,78.8,1013.7,1011.8,4.0,3.2,30.4,40.3,No
2024-04-30,Chennai,36.6,51.5,0.2,23.0,66.0,1020.0,No,10.8,8.6,35.0,16.9,18.9,70.8,54.5,1022.1,1020.8,1.9,1.1,38.0,48.3,No
2024-04-30,Jaipur,25.8,34.0,0.4,22.2,49.3,1018.5,No,6.4,5.3,43.7,18.9,24.0,65.4,61.3,1017.5,1015.9,1.6,4.5,28.3,32.5,No
2024-05-01,Surat,28.0,33.5,0.4,18.7,48.9,1017.8,No,6.2,8.7,35.3,14.4,20.0,64.5,42.0,1020.6,1016.8,2.4,0.2,31.8,30.1,No
2024-05-01,Pune,27.0,33.5,0.2,23.1,42.6,1023.9,No,6.1,0.3,33.6,20.9,26.2,52.4,36.8,1021.1,1026.6,5.9,3.3,28.3,30.9,No
2024-05-01,Mumbai,31.2,43.0,0.7,18.1,66.6,1021.7,Yes,9.9,0.9,42.1,17.2,16.1,82.2,55.8,1020.1,1019.5,7.3,7.3,33.6,39.9,Yes
2024-05-01,Jaipur,31.2,44.3,0.0,22.4,26.9,1003.2,No,4.5,13.4,32.8,22.1,19.9,13.6,17.1,1005.7,1004.5,1.3,1.2,34.8,41.9,No
2024-05-01,Lucknow,32.0,37.3,0.3,7.7,56.4,998.1,No,8.4,7.3,31.2,7.1,7.7,55.5,50.5,996.7,994.2,3.4,1.3,33.8,35.9,No
2024-05-02,Chandigarh,20.1,33.9,0.4,20.6,36.6,1010.3,Yes,2.5,3.0,31.8,16.2,21.7,41.4,38.1,1011.2,1008.2,1.5,0.8,24.5,31.0,No
2024-05-02,Lucknow,17.5,24.2,0.2,29.5,65.6,999.2,No,10.0,4.2,52.2,27.4,27.1,65.5,52.1,996.9,1000.2,1.6,4.9,22.5,23.0,No
2024-05-02,Chennai,31.7,44.8,0.2,29.3,66.8,1010.8,No,5.3,12.9,43.4,29.3,31.3,68.1,68.3,1009.7,1008.7,0.7,0.7,34.1,41.5,No
2024-05-02,Nagpur,30.3,36.4,0.3,16.8,60.6,996.1,No,8.5,0.4,27.1,12.4,15.2,60.6,57.6,994.1,996.8,3.6,1.8,31.4,35.1,No
2024-05-02,Patna,22.4,28.9,0.1,20.4,51.3,1002.0,No,10.6,10.5,38.7,16.5,19.3,67.1,32.7,1005.9,1002.7,4.1,0.2,25.8,26.5,No
2024-05-03,Patna,14.3,28.9,0.2,29.2,65.6,1022.3,No,7.0,2.5,49.1,29.0,33.6,80.7,78.2,1025.6,1023.8,4.3,1.6,17.8,26.4,No
2024-05-03,Hyderabad,33.3,43.3,4.0,9.2,33.8,1001.6,No,6.7,0.8,24.3,7.5,9.1,35.2,22.8,1004.5,1000.1,1.8,1.4,35.6,42.1,Yes
2024-05-03,Jaipur,15.8,26.8,0.0,7.4,39.8,1022.8,No,8.7,1.9,30.6,6.3,6.1,46.4,20.1,1025.2,1023.3,1.3,2.2,16.8,23.8,No
2024-05-03,Delhi,18.7,29.4,0.3,15.9,63.3,998.5,No,9.4,6.3,26.9,11.9,17.8,71.0,63.2,996.6,1000.3,5.8,0.2,20.0,25.8,No
2024-05-03,Ahmedabad,35.5,46.7,0.4,29.6,53.1,1012.6,No,4.1,8.4,51.3,23.8,28.2,69.2,47.2,1014.0,1014.8,1.3,5.9,39.3,44.2,No
2024-05-04,Mumbai,31.2,44.7,0.2,27.7,56.3,1006.1,Yes,10.9,13.5,51.0,19.4,29.2,43.6,45.8,1007.2,1007.0,3.9,0.3,32.6,43.3,No
2024-05-04,Kolkata,21.4,28.2,0.3,29.3,70.7,997.0,No,5.5,11.8,53.5,28.1,24.3,78.4,54.9,994.0,993.4,5.5,5.5,23.3,25.5,No
2024-05-04,Pune,28.7,38.7,0.2,15.8,49.8,1017.4,No,4.5,4.6,27.0,13.4,13.6,63.2,44.6,1019.8,1020.1,5.1,5.7,32.0,37.2,No
2024-05-04,Surat,36.1,49.8,0.0,7.3,66.6,1016.2,No,4.6,7.7,24.1,5.1,8.2,82.4,70.5,1017.0,1018.9,0.7,4.4,37.6,47.6,No
2024-05-04,Chandigarh,24.6,37.0,0.3,12.6,30.1,1012.3,No,7.4,2.7,25.4,11.0,13.5,19.3,14.4,1013.3,1010.2,2.4,2.4,26.4,36.0,No
2024-05-05,Pune,23.4,32.6,0.2,12.6,40.4,1024.3,No,4.7,1.8,30.3,9.4,13.2,30.8,40.6,1027.1,1020.6,2.5,2.8,27.5,30.2,No
2024-05-05,Goa,29.8,42.7,0.4,29.3,66.2,1020.5,Yes,11.3,11.2,48.9,27.3,28.5,72.0,58.4,1019.8,1021.8,2.7,1.3,31.6,39.2,No
2024-05-05,Patna,29.3,39.7,0.2,14.7,52.0,1017.8,Yes,5.8,0.2,31.6,10.4,15.1,54.8,61.4,1018.9,1016.1,3.1,4.2,30.6,36.9,No
2024-05-05,Bhopal,33.3,41.3,0.4,12.7,46.9,1000.9,No,8.7,9.9,36.7,9.7,12.5,40.7,29.7,1000.7,999.5,1.6,1.8,35.8,37.4,No
2024-05-06,Ahmedabad,26.3,40.8,0.2,18.4,31.7,996.8,No,10.5,0.7,41.8,16.6,19.3,38.6,22.0,996.7,998.4,1.8,2.8,27.4,37.6,No
2024-05-06,Surat,28.8,39.1,0.3,24.6,47.9,1010.3,No,4.9,10.6,40.4,20.3,26.3,60.3,51.2,1013.6,1008.3,5.4,0.8,32.5,36.5,No
2024-05-06,Jaipur,26.9,35.0,0.0,7.4,35.1,1010.0,No,3.6,1.2,23.1,7.0,8.6,22.7,37.4,1011.8,1009.8,4.0,1.4,29.8,32.8,No
2024-05-06,Patna,15.2,26.4,0.4,21.2,54.9,1018.1,No,6.7,8.1,37.0,15.7,20.3,58.4,55.8,1021.6,1019.5,0.9,1.0,16.6,23.2,No
2024-05-06,Goa,30.5,45.4,0.4,21.1,65.4,1015.2,No,7.7,10.1,37.4,15.4,17.2,67.2,66.4,1012.8,1013.2,1.9,3.4,32.6,44.1,No
2024-05-07,Hyderabad,26.4,36.0,0.0,24.8,38.7,1008.9,No,4.7,8.4,44.9,22.3,24.3,35.8,48.0,1011.2,1007.1,0.6,0.4,27.8,33.2,No
2024-05-07,Kolkata,20.8,29.1,0.4,23.2,72.6,998.6,No,9.5,5.6,36.4,19.9,27.1,80.0,58.6,1000.4,997.6,3.5,4.4,23.8,25.7,No
2024-05-07,Kochi,29.0,40.2,0.1,11.5,63.0,1007.1,No,9.5,10.1,23.6,11.0,10.0,75.9,59.0,1006.4,1004.2,1.0,4.0,32.2,38.8,No
2024-05-08,Ahmedabad,24.2,32.5,0.3,28.3,27.6,1023.7,No,7.7,10.3,52.5,20.5,22.7,13.7,27.3,1026.1,1022.3,3.3,3.1,25.6,30.5,No
2024-05-08,Nagpur,20.3,26.4,0.4,21.8,59.4,1017.8,No,8.7,9.3,39.5,17.6,23.8,54.8,58.4,1017.8,1015.7,5.8,1.6,22.6,25.0,No
2024-05-08,Delhi,32.2,43.1,0.1,23.3,49.5,996.9,No,8.1,2.9,35.5,17.2,24.5,34.5,30.2,996.7,997.8,4.2,2.6,36.0,40.5,No
2024-05-09,Lucknow,30.9,43.5,0.1,23.8,40.5,1006.6,No,8.1,1.4,39.7,20.2,28.5,31.8,54.9,1006.2,1004.0,2.5,3.7,32.7,41.6,No
2024-05-09,Ahmedabad,36.2,51.2,0.3,28.7,31.1,993.5,No,2.8,8.8,45.0,24.9,25.4,40.2,44.7,993.7,993.2,1.4,5.4,41.1,47.9,No
2024-05-09,Indore,26.8,41.3,0.2,21.8,34.6,1018.1,No,3.3,4.9,36.8,18.9,19.9,23.7,37.5,1021.0,1020.6,5.8,4.7,28.3,37.8,No
2024-05-10,Hyderabad,29.6,39.5,1.9,24.6,33.4,1023.4,No,8.6,4.1,37.1,24.4,23.4,22.2,30.7,1026.5,1025.6,0.1,7.1,31.7,38.4,Yes
2024-05-10,Coimbatore,30.9,44.6,0.4,18.8,56.9,1021.2,No,11.7,13.9,30.6,18.0,18.8,55.5,58.4,1018.5,1020.7,5.2,1.3,33.6,40.8,No
2024-05-10,Pune,25.6,34.2,0.4,25.4,51.0,1005.8,No,7.3,4.7,45.3,23.3,26.0,38.0,37.0,1004.8,1003.8,4.0,0.1,29.6,32.4,No
2024-05-11,Lucknow,25.8,35.3,5.2,19.7,69.2,994.8,No,7.7,7.8,43.0,19.4,16.7,84.6,53.7,996.2,995.8,1.3,5.1,27.0,33.5,Yes
2024-05-11,Bhopal,33.4,40.1,0.0,27.5,27.3,1002.4,No,3.2,4.3,49.2,23.7,31.1,16.2,39.5,1006.0,999.5,0.2,5.9,36.4,37.4,No
2024-05-11,Thiruvananthapuram,29.6,42.5,10.5,20.4,76.2,1018.7,Yes,11.9,5.9,33.7,19.5,19.7,62.5,67.5,1021.0,1021.4,2.2,2.0,32.9,39.1,Yes
2024-05-12,Kolkata,21.5,26.9,0.3,15.7,70.2,1019.0,No,8.4,13.4,38.3,13.0,16.6,61.4,69.8,1022.8,1018.6,5.6,2.4,26.5,24.2,No
2024-05-12,Thiruvananthapuram,29.0,39.9,1.6,12.2,65.5,1017.9,No,3.9,7.8,27.6,10.7,12.7,70.1,77.5,1019.6,1016.7,6.9,1.4,32.2,36.1,Yes
2024-05-12,Ahmedabad,31.9,45.1,0.1,17.1,42.9,995.9,No,9.0,3.2,27.2,13.7,20.3,52.2,36.9,994.3,994.4,1.0,0.6,36.5,41.1,No
2024-05-12,Chennai,28.6,34.2,0.2,24.4,59.9,997.0,No,9.1,8.9,40.2,23.7,28.9,51.0,47.8,997.7,993.7,2.6,3.5,31.7,32.2,No
2024-05-13,Chandigarh,25.3,34.5,0.0,6.7,52.9,1021.0,No,11.5,3.9,22.4,4.8,5.6,63.3,65.9,1022.3,1022.0,4.6,1.6,26.5,33.5,No
2024-05-13,Thiruvananthapuram,29.4,36.8,12.3,18.4,61.2,994.9,Yes,7.9,4.3,29.9,14.7,15.1,60.1,47.8,995.8,995.8,4.3,3.5,31.9,33.2,Yes
2024-05-13,Hyderabad,25.6,38.0,0.2,6.1,52.7,993.3,No,3.1,2.6,23.7,5.9,5.5,70.5,66.1,997.0,995.1,2.2,0.4,28.9,35.3,No
2024-05-13,Bhopal,32.0,47.0,0.0,18.9,42.8,1007.8,No,10.2,7.1,42.6,16.8,21.5,33.0,52.7,1009.5,1005.0,1.1,5.6,33.1,44.6,No
2024-05-14,Nagpur,21.9,29.6,0.0,28.3,36.4,1013.6,No,4.4,9.7,52.9,28.0,25.3,24.9,21.6,1015.6,1014.7,4.0,2.0,23.5,26.8,No
2024-05-14,Kochi,29.0,41.3,0.1,7.4,68.8,999.3,No,5.5,0.5,20.2,6.8,6.9,77.2,73.9,1000.4,1002.0,0.1,4.4,33.8,37.7,No
2024-05-14,Pune,24.0,32.3,0.2,22.3,44.3,1008.9,No,6.2,12.0,43.8,16.0,23.4,37.5,43.8,1012.6,1011.0,2.4,1.7,25.9,29.7,No
2024-05-15,Chennai,33.3,43.7,0.2,9.7,68.9,1006.1,No,8.4,7.0,21.2,7.3,9.6,85.0,68.7,1007.9,1004.5,3.4,2.7,37.0,42.6,No
2024-05-15,Delhi,23.3,31.3,0.2,26.6,38.0,1007.8,No,6.2,10.4,49.4,21.1,25.4,35.5,47.2,1005.2,1006.0,4.1,3.4,26.1,28.7,No
2024-05-15,Kolkata,23.0,32.3,0.4,5.5,65.1,1012.5,No,9.2,0.5,30.5,5.3,5.1,59.1,58.4,1012.0,1011.2,1.9,3.7,24.6,28.7,No
2024-05-15,Goa,31.1,40.8,0.3,19.2,72.1,1006.0,Yes,11.0,13.6,38.7,17.8,16.0,62.7,77.7,1006.0,1005.1,1.9,3.6,32.8,37.9,No
2024-05-15,Mumbai,26.2,31.9,0.0,18.7,54.9,996.2,No,6.8,0.6,28.8,18.7,19.9,52.7,51.4,995.0,994.6,3.9,5.3,28.0,28.3,No
2024-05-16,Coimbatore,30.1,37.9,0.1,22.1,59.3,997.2,No,7.6,2.9,45.7,17.3,21.4,51.4,52.9,997.6,995.2,4.6,2.4,34.0,36.3,No
2024-05-16,Ahmedabad,27.2,32.2,0.2,21.2,46.6,1018.0,No,2.0,3.6,38.6,18.8,17.5,56.2,45.6,1018.7,1016.0,3.6,0.2,28.4,29.0,No
2024-05-16,Pune,24.9,33.4,0.2,16.6,45.2,1008.4,Yes,12.0,5.4,32.4,14.2,14.6,60.9,45.2,1006.8,1010.0,0.2,5.9,29.4,30.7,No
2024-05-17,Nagpur,32.1,39.3,0.1,18.8,54.7,1022.5,Yes,10.0,4.7,37.7,15.9,22.1,65.9,60.3,1019.9,1022.4,2.8,5.6,34.1,37.5,No
2024-05-17,Kolkata,26.2,33.6,0.4,12.1,53.9,1019.1,No,7.5,1.2,35.8,9.9,11.5,49.5,50.0,1017.9,1017.7,4.8,5.0,28.4,31.2,No
2024-05-17,Kochi,29.0,34.5,4.4,26.5,77.8,1009.4,No,3.0,2.8,44.6,25.0,23.5,90.9,71.8,1007.7,1010.7,0.7,4.1,30.3,32.5,Yes
2024-05-18,Mumbai,30.5,38.6,0.1,10.1,59.5,994.7,No,9.7,4.1,20.4,9.9,8.8,44.8,47.8,993.3,993.6,5.5,5.3,33.3,36.4,No
2024-05-18,Thiruvananthapuram,29.6,37.0,0.1,17.3,61.0,1006.5,Yes,2.2,2.1,33.0,15.6,15.4,60.8,60.6,1009.8,1004.8,0.8,2.9,33.5,35.7,No
2024-05-18,Bangalore,23.0,28.2,0.4,16.3,36.0,1011.1,No,6.1,7.0,27.0,15.8,19.6,27.4,20.2,1009.1,1011.7,4.0,5.1,27.0,25.8,No
2024-05-18,Chandigarh,25.3,37.2,0.3,20.3,47.9,1012.5,No,9.2,9.0,38.1,18.4,19.9,41.4,28.0,1013.5,1012.7,5.8,2.2,27.9,35.6,No
2024-05-19,Thiruvananthapuram,29.9,44.2,0.3,27.1,76.0,992.0,Yes,6.8,9.8,37.9,23.3,25.0,70.9,69.6,989.0,991.2,2.9,5.2,32.7,42.1,No
2024-05-19,Ahmedabad,38.9,49.6,0.2,23.9,36.5,1003.6,No,2.7,12.1,40.3,20.9,26.4,30.9,47.7,1007.5,1003.1,5.6,0.0,43.5,47.7,No
2024-05-19,Kolkata,24.7,32.0,0.4,8.6,59.5,993.6,No,10.6,5.6,21.1,7.3,8.3,52.2,64.7,995.0,990.3,5.6,3.4,26.7,30.3,No
2024-05-19,Goa,27.7,36.9,0.3,18.7,57.7,1017.5,Yes,8.8,13.1,38.3,15.2,18.4,72.8,42.3,1016.8,1017.5,4.1,4.6,30.0,35.5,No
2024-05-19,Hyderabad,34.5,40.2,0.4,8.5,32.9,1022.8,No,5.8,3.9,31.5,7.2,6.9,42.7,26.5,1023.5,1025.1,1.5,1.4,36.5,38.2,No
2024-05-20,Kochi,29.0,36.5,0.4,29.1,65.1,1019.8,No,7.8,12.7,51.2,28.2,23.4,83.9,61.6,1022.4,1016.7,2.4,1.6,31.2,35.1,No
2024-05-20,Chennai,35.1,40.2,0.1,17.2,59.7,999.1,No,8.5,1.7,29.8,13.3,20.5,58.6,60.7,997.8,998.5,0.4,0.2,37.9,38.0,No
2024-05-20,Chandigarh,13.4,25.3,0.5,16.6,64.8,1019.1,No,9.4,1.8,34.3,13.0,14.3,64.7,49.3,1021.0,1018.3,3.2,0.9,15.0,22.5,No
2024-05-20,Nagpur,36.7,42.7,0.4,15.2,43.6,1008.4,Yes,5.1,4.2,29.8,14.7,16.6,52.0,51.5,1007.1,1008.7,2.8,4.7,39.0,39.8,No
2024-05-20,Bangalore,26.2,35.2,0.3,17.1,37.0,1023.3,No,6.7,9.2,28.7,13.3,20.0,45.4,17.5,1021.7,1024.1,4.6,5.0,28.3,31.4,No
2024-05-21,Coimbatore,28.6,40.5,0.1,7.7,46.0,991.7,No,7.2,10.6,22.7,6.3,9.1,38.4,29.6,991.1,992.9,3.8,2.5,33.5,37.3,No
2024-05-21,Hyderabad,23.7,36.2,0.3,26.8,30.7,1000.8,No,5.4,8.7,41.1,26.2,29.8,24.2,43.9,1000.3,1001.4,4.5,0.1,28.6,34.2,No
2024-05-21,Indore,20.4,33.9,0.4,27.9,51.1,992.6,No,9.4,4.7,43.4,23.8,26.4,63.5,65.2,993.7,991.7,1.3,3.9,24.2,30.9,No
2024-05-21,Patna,13.6,27.6,0.3,20.2,50.1,1003.8,No,2.4,10.7,31.7,16.6,17.0,64.4,49.4,1005.7,1004.6,5.0,0.8,17.3,24.9,No
2024-05-22,Goa,30.0,37.0,6.4,29.5,56.5,1018.0,No,11.3,5.9,49.9,23.6,24.8,61.6,56.7,1021.7,1017.1,5.5,4.6,31.7,34.2,Yes
2024-05-22,Mumbai,28.8,38.7,0.3,17.2,60.4,1007.1,No,2.8,2.7,32.0,14.2,17.9,75.6,46.0,1004.2,1006.3,2.6,3.3,33.1,35.3,No
2024-05-22,Pune,23.6,37.9,0.3,13.3,42.8,999.3,No,7.5,2.8,23.6,11.5,13.1,50.7,27.9,1002.2,996.3,5.3,2.7,26.8,34.3,No
2024-05-23,Pune,25.7,36.9,0.1,19.4,43.7,1015.3,No,3.1,2.5,30.0,18.3,19.8,39.8,28.1,1015.7,1015.0,4.2,5.8,28.4,34.7,No
2024-05-23,Chandigarh,19.2,32.5,0.0,21.0,35.5,1000.1,No,3.9,4.2,38.3,17.4,17.7,53.3,17.0,1002.4,996.6,2.8,1.1,20.8,31.1,No
2024-05-23,Nagpur,27.7,37.9,0.2,17.3,39.0,997.6,No,9.6,7.3,31.6,13.4,19.1,28.1,32.0,995.6,995.4,0.9,5.3,31.6,35.2,No
2024-05-23,Hyderabad,25.7,35.8,0.5,28.2,45.6,1006.3,Yes,2.1,3.5,39.7,26.2,26.1,60.0,54.8,1008.0,1007.0,4.2,4.0,28.2,32.7,No
2024-05-24,Goa,27.7,37.9,4.6,14.1,71.6,1024.3,No,6.6,6.0,36.0,10.9,16.6,86.9,52.2,1022.2,1023.7,3.7,5.7,29.1,35.0,Yes
2024-05-24,Thiruvananthapuram,29.6,37.0,4.3,10.9,70.8,1024.2,Yes,5.6,2.1,24.9,9.0,11.8,57.2,84.3,1021.5,1026.4,7.2,4.2,31.2,34.3,Yes
2024-05-24,Coimbatore,29.4,43.0,0.5,26.9,56.0,1012.6,No,8.0,9.7,47.2,24.5,24.9,61.2,56.8,1011.8,1011.0,4.6,3.5,31.0,39.5,No
2024-05-24,Indore,32.9,42.6,0.1,16.0,36.3,993.3,No,8.8,2.5,33.7,13.3,18.5,36.3,34.9,997.0,991.4,1.7,4.8,35.0,39.1,No
2024-05-25,Bangalore,25.7,37.7,0.4,10.8,55.8,998.7,No,11.5,0.4,22.9,9.4,11.8,59.6,48.2,1002.5,999.6,5.0,0.2,27.7,35.6,No
2024-05-25,Jaipur,19.4,25.1,0.4,15.7,24.0,991.5,No,3.2,6.0,32.2,13.3,18.2,37.2,26.3,994.7,992.3,4.9,3.4,22.5,21.9,No
2024-05-25,Hyderabad,23.2,35.1,0.2,29.0,58.0,1018.3,Yes,5.7,11.8,51.9,21.3,33.0,54.4,58.8,1019.1,1019.0,4.4,2.6,27.8,31.7,No
2024-05-26,Jaipur,19.5,28.1,0.2,15.7,20.2,993.3,No,11.8,4.6,38.8,15.0,18.5,32.8,23.2,996.3,989.8,2.8,5.9,23.6,24.2,No
2024-05-26,Thiruvananthapuram,29.8,43.5,0.5,26.1,74.1,1018.9,No,8.7,4.3,36.6,25.6,27.0,69.6,59.4,1021.7,1020.7,4.9,3.9,32.2,41.6,No
2024-05-26,Bangalore,20.1,33.4,0.3,5.8,37.6,1022.4,No,9.7,0.7,16.4,4.8,4.8,50.2,36.2,1019.6,1018.7,3.7,4.8,22.8,30.7,No
2024-05-26,Indore,31.4,42.5,0.4,29.2,36.7,1011.7,No,4.0,13.3,47.3,26.4,24.5,35.1,43.7,1013.7,1008.0,3.3,0.5,36.4,38.8,No
2024-05-27,Ahmedabad,38.7,52.0,0.3,9.3,54.8,1012.4,No,10.6,7.4,25.4,8.2,9.8,41.3,69.8,1011.9,1008.8,5.1,6.0,43.0,48.4,No
2024-05-27,Hyderabad,30.5,44.7,0.0,17.9,31.1,1009.0,No,8.9,1.1,40.0,13.3,17.3,46.9,30.7,1008.7,1005.4,4.0,5.9,35.2,41.6,No
2024-05-27,Pune,23.6,31.0,0.1,13.0,44.7,1011.6,No,8.8,13.3,32.5,12.0,14.3,41.2,25.2,1009.0,1009.6,4.1,5.4,28.5,29.9,No
2024-05-27,Mumbai,31.9,40.2,0.2,10.5,70.3,1020.1,Yes,3.5,12.7,34.6,7.4,11.5,66.1,63.4,1020.3,1019.0,3.1,3.5,34.8,37.1,No
2024-05-27,Goa,30.6,40.0,0.3,10.7,57.8,1010.6,No,8.5,4.7,34.5,9.6,9.8,59.4,67.5,1009.9,1010.3,4.1,4.5,32.3,37.3,No
2024-05-28,Chennai,28.5,43.3,0.1,18.3,68.3,1022.9,No,10.5,4.8,33.3,18.2,18.5,58.3,56.0,1023.3,1019.2,2.8,2.5,32.6,41.3,No
2024-05-28,Kolkata,34.7,41.5,26.3,18.9,67.7,1018.7,No,6.8,6.7,42.9,18.8,18.1,87.4,53.2,1017.4,1015.3,2.2,6.1,39.1,38.2,Yes
2024-05-28,Kochi,29.0,39.1,0.3,18.4,74.2,1014.4,No,10.9,3.5,34.1,17.2,18.3,90.3,66.3,1014.0,1016.6,2.8,3.1,31.3,37.3,No
2024-05-29,Lucknow,19.4,28.2,0.2,15.4,65.9,1012.4,No,5.0,13.3,27.1,12.3,17.8,76.2,46.9,1009.6,1012.0,2.9,2.7,21.6,24.2,No
2024-05-29,Coimbatore,26.9,36.8,0.5,10.0,53.1,1020.0,No,10.8,2.9,29.4,7.2,11.5,39.9,52.5,1022.5,1016.9,2.4,0.3,30.6,34.9,No
2024-05-29,Bhopal,26.2,40.5,7.7,8.9,35.7,1023.5,No,5.9,6.8,31.0,7.9,8.1,30.6,20.0,1027.0,1020.7,4.6,4.7,28.7,38.5,Yes
2024-05-30,Pune,27.8,36.7,0.3,22.5,64.6,999.6,No,3.5,1.5,40.5,19.5,18.9,83.3,64.6,997.7,997.8,4.8,3.1,29.5,35.4,No
2024-05-30,Jaipur,25.3,33.7,0.4,27.6,41.2,1022.2,No,11.5,11.8,46.5,22.7,27.5,56.8,31.8,1020.3,1019.2,5.0,4.6,28.3,31.9,No
2024-05-30,Thiruvananthapuram,29.7,35.1,0.3,22.8,71.4,1009.3,No,6.8,3.1,40.9,22.4,22.0,80.2,85.6,1012.1,1009.9,4.4,5.6,34.5,31.2,No
2024-05-31,Pune,24.3,37.6,0.4,25.2,47.2,1023.8,No,11.4,2.0,36.3,21.9,23.1,61.2,50.8,1027.6,1021.6,2.9,3.0,26.2,34.9,No
2024-05-31,Thiruvananthapuram,29.4,38.9,2.0,12.7,67.3,990.0,No,4.8,3.1,24.7,10.8,13.7,74.3,75.4,990.2,989.7,6.5,3.4,33.2,36.6,Yes
2024-05-31,Chandigarh,20.4,33.0,0.2,19.5,36.1,998.1,No,10.0,11.0,35.0,19.4,20.2,35.1,45.4,1000.2,999.3,1.2,2.8,24.9,30.5,No
2024-06-01,Thiruvananthapuram,22.5,30.0,0.4,5.4,97.3,1004.5,Yes,9.3,8.3,20.5,4.2,4.4,100.0,94.6,1002.1,1006.5,1.7,1.2,24.7,27.3,No
2024-06-01,Coimbatore,18.5,28.3,2.5,28.0,97.9,1010.5,Yes,5.9,0.6,43.2,21.2,29.7,83.9,88.1,1011.3,1008.5,4.4,0.9,23.3,26.5,Yes
2024-06-01,Chennai,29.2,37.5,2.0,21.8,100.0,1007.8,No,7.9,4.6,32.8,16.9,22.5,85.6,88.8,1006.4,1005.6,4.3,4.7,33.9,35.3,Yes
2024-06-01,Bhopal,26.5,38.1,0.2,10.6,91.9,998.4,No,11.5,13.4,31.4,10.2,12.3,94.8,94.0,998.4,997.4,0.2,2.6,30.2,35.8,No
2024-06-02,Nagpur,27.3,34.8,0.2,20.9,96.7,1021.1,No,10.5,5.1,33.1,16.8,20.6,100.0,94.5,1021.9,1023.0,1.0,1.9,31.9,32.1,No
2024-06-02,Indore,20.5,30.3,29.3,6.1,81.5,1009.8,No,10.0,3.2,18.4,5.9,5.4,98.7,76.9,1012.0,1009.6,2.1,5.4,25.3,27.0,Yes
2024-06-02,Chennai,26.0,40.9,6.2,20.9,94.0,1019.1,Yes,11.1,5.6,36.4,15.7,24.4,82.6,93.0,1018.3,1017.0,5.2,1.8,30.7,38.7,Yes
2024-06-02,Jaipur,24.3,36.5,0.0,26.9,77.3,991.9,Yes,11.7,4.2,47.3,18.9,23.6,86.4,59.6,992.2,992.6,4.6,2.7,27.8,33.9,No
2024-06-03,Jaipur,24.6,29.9,13.5,20.4,74.7,997.9,No,2.3,7.5,38.2,14.5,19.1,62.4,68.5,999.6,997.2,3.1,1.0,26.6,28.6,Yes
2024-06-03,Goa,24.0,30.4,5.1,15.0,100.0,1006.0,Yes,7.9,3.9,29.6,13.0,16.0,85.9,96.3,1003.4,1003.3,4.5,6.9,28.6,29.2,Yes
2024-06-03,Nagpur,20.1,31.0,0.5,10.4,74.4,990.3,No,10.3,9.4,33.8,7.5,10.8,79.3,55.7,990.9,990.6,1.1,1.6,23.7,28.5,No
2024-06-03,Patna,26.6,35.0,0.0,7.8,83.0,1017.0,No,2.3,3.8,21.8,7.3,8.4,100.0,87.9,1016.9,1017.9,6.0,4.3,30.6,31.2,No
2024-06-03,Surat,17.6,29.6,0.3,11.2,100.0,1013.8,Yes,8.0,3.6,26.2,9.3,11.3,100.0,97.3,1012.9,1010.9,0.3,1.2,20.9,26.3,No
2024-06-04,Hyderabad,18.5,24.4,0.0,19.0,69.7,997.1,No,5.2,11.5,40.8,18.4,19.5,67.0,70.9,994.7,993.2,0.1,2.4,20.4,22.9,No
2024-06-04,Jaipur,22.8,37.7,0.5,27.0,57.1,1000.2,Yes,4.8,11.3,40.1,21.2,23.6,51.4,66.3,1001.7,999.1,5.8,2.8,27.6,36.1,No
2024-06-04,Delhi,27.6,32.8,4.0,30.0,81.8,1003.6,No,11.8,7.7,54.6,28.1,35.8,98.0,76.4,1006.1,1006.0,5.7,3.4,28.9,29.3,Yes
2024-06-05,Indore,12.3,22.3,0.2,6.8,84.6,995.4,No,9.4,11.1,23.0,5.6,8.1,100.0,72.8,997.9,995.8,0.9,2.1,14.0,20.4,No
2024-06-05,Chennai,26.2,34.9,6.7,17.0,95.9,1004.1,Yes,11.7,2.8,36.7,13.9,19.7,100.0,84.4,1005.9,1000.5,7.7,2.8,30.5,33.0,Yes
2024-06-05,Nagpur,23.8,38.6,2.1,13.4,96.3,1005.2,Yes,5.4,4.3,26.3,11.5,12.2,91.4,100.0,1002.4,1003.9,3.3,3.9,27.4,36.5,Yes
2024-06-06,Chennai,25.3,38.6,0.4,14.8,90.5,1014.7,Yes,4.7,0.0,35.6,14.1,14.2,95.2,78.5,1016.1,1010.8,3.9,5.2,29.9,36.5,Yes
2024-06-06,Kochi,22.0,33.0,10.9,8.4,100.0,991.7,Yes,2.8,6.7,18.6,8.1,8.2,85.1,94.1,990.0,992.1,5.4,3.9,23.2,30.0,Yes
2024-06-06,Bhopal,24.8,37.0,1.9,26.1,89.0,990.5,No,11.4,5.2,39.6,20.2,25.7,100.0,74.3,993.3,988.5,6.5,7.4,27.6,34.9,Yes
2024-06-06,Kolkata,25.0,35.3,9.3,28.3,100.0,996.9,Yes,4.5,5.9,42.6,22.5,26.2,100.0,99.5,1000.0,995.0,5.5,6.0,26.6,33.1,Yes
2024-06-06,Patna,17.6,26.1,0.4,19.1,84.7,1022.7,Yes,8.1,1.0,42.1,15.0,20.0,100.0,85.5,1024.8,1021.8,0.4,4.8,18.7,23.0,No
2024-06-07,Mumbai,24.9,34.9,0.1,18.7,85.8,1013.8,No,3.7,6.5,34.2,14.7,21.2,93.2,97.3,1015.2,1015.0,6.7,0.4,29.0,32.1,Yes
2024-06-07,Bangalore,13.5,23.6,0.5,20.2,72.5,996.4,Yes,4.1,8.6,41.0,18.5,22.7,87.3,55.2,995.8,997.2,3.0,1.1,16.7,21.4,No
2024-06-07,Lucknow,15.4,28.5,9.7,22.2,84.3,1023.6,Yes,5.6,7.5,42.2,21.2,24.6,82.5,81.0,1021.9,1021.7,6.2,7.2,19.3,26.1,Yes
2024-06-08,Pune,18.4,26.0,0.4,10.1,99.6,1006.0,No,4.1,2.1,28.3,9.9,12.1,94.7,100.0,1007.2,1005.4,4.0,2.2,23.1,22.9,No
2024-06-08,Bhopal,23.1,30.5,14.0,24.4,65.9,1005.0,No,6.7,2.4,45.4,22.9,21.5,61.6,63.2,1003.3,1007.5,4.7,1.0,24.8,26.6,Yes
2024-06-08,Goa,23.7,36.0,0.3,7.5,91.4,1023.6,Yes,6.8,0.7,25.0,5.8,8.7,90.4,93.6,1026.6,1026.5,3.0,2.7,25.0,35.0,No
2024-06-08,Surat,24.5,30.2,2.8,12.4,89.5,994.4,No,7.7,5.3,29.3,11.7,10.5,77.5,71.1,995.2,995.4,1.0,5.1,27.4,26.2,Yes
2024-06-09,Nagpur,25.4,35.1,0.4,15.7,79.7,993.8,No,6.6,13.7,35.9,12.9,12.7,84.5,63.1,996.6,995.1,2.8,2.6,30.0,33.2,No
2024-06-09,Ahmedabad,17.7,32.1,0.1,10.9,83.3,990.9,Yes,9.7,3.4,31.9,8.5,10.5,100.0,71.9,990.5,989.0,0.7,2.9,20.2,29.0,No
2024-06-09,Bhopal,24.4,34.8,0.3,9.9,61.1,1014.0,Yes,10.2,12.8,32.1,7.9,10.3,78.1,52.4,1016.7,1010.0,0.0,4.6,28.4,31.4,No
2024-06-09,Lucknow,28.3,34.5,0.3,7.1,78.1,1008.6,Yes,4.9,7.3,29.9,6.5,7.4,80.5,68.6,1006.4,1007.4,0.2,1.3,31.1,32.2,No
2024-06-09,Surat,16.6,27.5,0.5,5.0,93.7,1019.9,No,10.8,0.2,26.4,4.0,5.5,92.8,76.2,1022.3,1016.4,7.4,0.4,19.5,24.3,Yes
2024-06-10,Mumbai,21.0,30.0,0.2,21.0,100.0,1017.3,No,2.6,1.3,31.6,17.6,23.8,96.0,93.4,1020.6,1019.1,4.0,1.6,22.5,29.0,No
2024-06-10,Indore,11.9,19.9,1.0,20.4,81.6,1012.1,Yes,7.5,2.0,36.0,14.9,18.2,98.0,95.8,1013.7,1014.5,5.1,0.3,16.9,18.6,Yes
2024-06-10,Kolkata,23.2,30.8,1.4,13.5,96.8,1001.7,Yes,11.6,6.4,30.4,10.3,15.2,87.3,84.1,1001.3,1003.9,1.1,1.0,26.2,28.9,Yes
2024-06-10,Goa,22.8,32.4,8.6,10.9,98.7,1021.0,Yes,3.1,0.4,30.0,9.9,10.3,100.0,100.0,1024.6,1017.5,1.5,0.5,27.3,29.0,Yes
2024-06-10,Patna,19.8,25.6,1.5,23.3,83.2,992.6,Yes,5.0,3.6,35.2,21.9,23.9,99.8,80.5,996.1,994.8,4.6,7.5,22.1,23.5,Yes
2024-06-11,Hyderabad,19.6,34.6,0.2,7.3,74.8,1017.9,Yes,3.8,13.6,24.9,5.2,6.0,91.5,85.4,1018.1,1015.0,5.0,1.9,22.3,31.5,No
2024-06-11,Ahmedabad,19.7,31.0,0.1,13.7,86.0,1000.0,Yes,6.9,5.8,25.7,10.3,12.9,90.7,86.7,1000.4,1001.2,4.4,2.6,21.2,28.4,No
2024-06-11,Bangalore,15.7,22.0,3.4,6.4,99.5,995.0,No,8.3,2.0,20.0,6.3,6.3,85.5,91.3,996.1,993.3,0.2,3.6,17.1,19.2,Yes
2024-06-11,Coimbatore,22.3,27.7,1.8,29.6,85.8,1000.1,Yes,2.4,7.9,40.3,23.3,29.5,75.8,70.5,998.9,1002.9,3.0,4.5,26.2,24.5,Yes
2024-06-11,Chandigarh,20.8,29.2,0.7,28.4,68.9,990.9,Yes,11.2,0.4,41.0,21.1,25.9,61.1,82.0,988.4,988.3,0.6,7.8,25.5,26.0,Yes
2024-06-12,Bhopal,25.1,34.8,5.4,27.3,89.2,1020.5,Yes,8.4,4.2,42.3,27.1,25.3,100.0,87.8,1021.7,1019.2,7.7,4.6,29.9,33.8,Yes
2024-06-12,Nagpur,22.7,34.9,0.0,5.7,92.4,1006.5,Yes,11.7,3.1,22.8,4.1,5.8,90.7,73.9,1005.9,1005.3,5.9,1.2,25.9,30.9,No
2024-06-12,Kolkata,24.9,39.8,0.6,25.2,100.0,1005.4,No,7.1,5.6,46.4,19.6,29.0,100.0,87.4,1008.5,1004.4,6.0,4.4,27.4,36.4,Yes
2024-06-12,Patna,20.0,28.9,0.4,21.0,78.3,1002.6,Yes,11.2,2.1,39.5,19.5,23.1,81.7,80.2,1004.9,1004.5,4.6,2.1,25.0,26.6,No
2024-06-13,Surat,17.2,28.4,5.1,27.6,100.0,1004.5,No,5.6,1.0,39.7,26.7,33.0,95.1,85.0,1004.9,1005.5,4.9,7.6,21.5,24.8,Yes
2024-06-13,Nagpur,22.2,30.5,0.8,19.9,91.1,1008.5,Yes,7.7,0.9,38.4,14.9,21.2,91.1,100.0,1010.9,1009.5,5.6,4.5,23.5,27.5,Yes
2024-06-13,Bangalore,16.3,26.0,0.2,25.3,81.4,1023.7,Yes,2.1,12.7,38.7,23.0,25.8,85.2,86.5,1022.2,1020.8,3.9,1.7,21.2,23.6,No
2024-06-14,Jaipur,11.8,22.1,13.1,8.8,88.7,1014.7,Yes,5.9,0.5,25.3,8.2,9.0,96.3,80.1,1012.8,1010.8,6.6,5.1,13.7,19.9,Yes
2024-06-14,Nagpur,26.6,37.0,8.7,22.7,79.0,1010.4,Yes,10.6,7.9,36.5,17.1,22.4,65.2,86.7,1013.6,1011.2,2.1,1.0,29.2,33.5,Yes
2024-06-14,Surat,20.9,26.2,0.5,18.5,86.9,1017.1,No,3.5,4.9,37.2,17.8,16.8,76.1,86.4,1015.4,1017.4,1.6,1.4,23.5,23.4,No
2024-06-14,Chennai,25.5,32.9,4.6,17.6,100.0,994.3,Yes,11.5,5.6,36.9,15.4,15.4,100.0,92.0,998.0,992.0,3.8,7.5,29.6,29.0,Yes
2024-06-14,Thiruvananthapuram,22.6,30.9,6.1,27.0,100.0,1012.4,Yes,11.6,6.9,37.9,24.3,30.0,100.0,93.1,1010.6,1014.3,2.5,4.8,25.2,28.7,Yes
2024-06-15,Chandigarh,23.0,37.5,0.2,28.2,85.3,1015.7,Yes,8.3,11.1,40.8,21.5,28.6,76.5,87.5,1014.8,1017.3,4.8,2.8,24.7,34.6,No
2024-06-15,Delhi,29.8,41.0,1.1,26.1,61.4,1018.5,Yes,4.6,2.6,39.7,25.4,26.1,69.4,56.0,1019.9,1017.2,2.7,5.1,33.2,39.2,Yes
2024-06-15,Kochi,22.0,30.7,0.2,9.8,100.0,998.5,No,7.0,3.4,30.8,7.6,10.2,100.0,100.0,1002.2,999.9,7.2,1.9,23.8,29.7,Yes
2024-06-16,Lucknow,29.7,39.3,2.7,17.7,96.2,1013.3,Yes,10.9,3.5,32.3,17.2,17.0,90.7,79.7,1015.9,1015.1,0.3,2.9,33.7,35.5,Yes
2024-06-16,Kochi,22.0,35.7,2.0,28.6,100.0,1003.2,Yes,4.1,3.1,39.0,26.6,33.4,93.3,95.0,1001.1,1002.4,1.1,4.2,25.9,33.1,Yes
2024-06-16,Thiruvananthapuram,22.2,30.8,9.3,9.1,100.0,1006.6,Yes,3.2,7.7,23.3,8.8,8.7,98.5,100.0,1003.7,1005.0,2.4,6.9,25.4,28.7,Yes
2024-06-16,Pune,17.6,28.5,4.7,17.6,78.8,1003.1,Yes,8.5,7.7,39.1,14.5,19.4,97.0,76.3,1002.9,999.6,7.1,2.0,18.9,25.9,Yes
2024-06-17,Mumbai,21.5,35.2,3.0,13.7,89.8,995.7,Yes,10.2,3.1,32.8,11.6,14.8,80.3,100.0,997.2,993.6,1.0,1.2,25.6,32.5,Yes
2024-06-17,Thiruvananthapuram,22.4,30.7,0.3,23.7,100.0,1018.6,Yes,6.0,1.2,45.3,17.8,19.1,100.0,100.0,1021.8,1018.0,5.6,2.1,26.3,28.8,No
2024-06-17,Kolkata,13.0,21.8,1.2,20.4,100.0,992.6,Yes,11.5,2.5,39.1,20.2,21.7,100.0,86.3,993.1,991.2,3.8,6.4,15.9,20.6,Yes
2024-06-18,Lucknow,6.9,15.1,3.7,28.5,79.6,1009.4,No,11.2,7.1,40.0,25.4,32.1,93.9,79.8,1006.5,1012.2,3.8,3.1,9.5,12.8,Yes
2024-06-18,Coimbatore,19.7,28.0,9.4,13.1,99.7,1008.5,Yes,7.2,0.9,25.1,11.9,15.3,100.0,82.3,1008.3,1004.5,4.1,1.5,24.2,26.7,Yes
2024-06-18,Bangalore,13.0,22.5,0.0,29.9,74.7,1003.8,No,9.3,13.3,42.4,22.9,25.8,70.2,80.0,1002.0,1003.5,1.6,5.0,14.0,20.9,No
2024-06-18,Jaipur,22.5,28.5,4.9,28.8,68.7,1012.4,No,11.8,5.2,46.6,25.4,27.4,88.2,73.3,1011.4,1008.8,0.4,1.6,24.5,26.2,Yes
2024-06-18,Chandigarh,9.9,21.3,11.0,15.3,72.4,1006.4,Yes,7.8,2.1,30.6,11.7,15.8,81.8,76.0,1005.2,1007.8,2.0,1.2,12.3,18.5,Yes
2024-06-19,Bangalore,18.8,30.2,0.2,28.7,78.7,1024.2,Yes,5.6,2.0,43.6,20.3,23.2,77.5,91.6,1027.3,1023.8,3.4,0.0,20.6,29.2,No
2024-06-19,Ahmedabad,27.3,33.8,0.1,27.5,85.4,1012.0,Yes,9.2,4.9,46.3,21.8,33.0,96.6,86.9,1011.9,1012.3,2.0,0.2,29.9,30.0,No
2024-06-19,Kochi,22.0,27.8,1.8,18.6,100.0,1010.2,Yes,6.9,5.7,33.4,17.4,16.2,100.0,100.0,1012.0,1009.6,5.3,0.6,26.4,26.7,Yes
2024-06-20,Chandigarh,11.1,20.2,0.1,28.0,89.2,1011.9,Yes,3.8,11.2,45.2,26.3,28.1,87.4,93.6,1015.2,1010.2,2.8,1.4,12.8,16.9,No
2024-06-20,Coimbatore,19.4,32.3,0.0,25.9,88.6,992.6,Yes,6.4,0.0,49.0,24.9,29.1,82.3,81.6,994.9,992.1,0.9,1.5,24.3,30.9,No
2024-06-20,Pune,20.4,30.1,0.2,13.1,93.7,1016.4,Yes,9.9,9.5,31.7,10.6,11.5,100.0,76.9,1020.2,1019.3,0.8,0.6,23.0,26.2,No
2024-06-21,Patna,22.9,31.3,0.2,18.5,79.4,1021.6,Yes,9.0,6.6,40.4,17.9,22.0,79.8,92.7,1023.6,1018.1,5.5,5.5,27.6,29.2,Yes
2024-06-21,Bhopal,19.7,24.8,8.5,18.2,71.6,997.2,Yes,4.0,1.0,35.9,13.2,18.8,57.7,55.4,998.1,997.4,0.2,4.6,24.1,21.7,Yes
2024-06-21,Ahmedabad,15.5,26.4,11.8,25.6,78.5,1019.8,No,9.4,5.1,45.8,24.1,27.3,75.0,71.7,1023.0,1015.9,5.6,7.6,19.3,22.4,Yes
2024-06-22,Goa,22.8,28.5,4.1,25.3,95.4,1022.8,No,3.6,3.1,45.3,24.8,30.2,100.0,95.5,1025.1,1020.7,2.3,5.2,27.3,24.6,Yes
2024-06-22,Bhopal,14.8,27.8,0.3,20.2,89.8,1010.5,Yes,8.2,11.9,32.7,16.3,20.9,84.7,100.0,1009.3,1009.7,5.3,0.5,19.1,25.1,No
2024-06-22,Chennai,20.3,34.3,0.4,24.1,90.6,1021.1,Yes,4.0,5.0,46.1,23.3,23.8,100.0,88.4,1022.9,1023.9,1.9,1.3,22.7,32.9,Yes
2024-06-23,Indore,23.8,35.0,0.3,26.9,89.6,1017.5,No,9.1,7.3,41.0,25.8,26.7,96.3,72.4,1017.9,1018.3,3.5,2.7,25.7,33.1,No
2024-06-23,Mumbai,22.9,30.1,0.3,17.7,98.7,993.8,No,7.3,0.3,40.0,15.0,16.6,94.8,100.0,992.2,990.9,1.7,5.0,27.1,28.2,Yes
2024-06-23,Thiruvananthapuram,22.2,29.3,0.5,7.2,100.0,991.1,No,10.5,5.2,31.6,5.8,6.4,100.0,98.8,992.3,989.6,0.0,0.3,25.8,26.7,Yes
2024-06-24,Bangalore,18.3,25.2,8.1,9.5,80.0,1011.4,No,7.5,6.7,24.0,9.0,10.6,65.7,68.4,1012.2,1012.4,7.0,5.1,20.8,23.6,Yes
2024-06-24,Surat,26.6,33.7,1.4,21.2,97.4,1000.0,Yes,3.6,7.4,39.5,17.9,20.6,100.0,78.2,1003.9,999.9,0.3,4.7,29.4,32.6,Yes
2024-06-24,Patna,28.2,33.3,0.1,6.7,92.3,990.0,Yes,2.4,11.5,29.2,6.1,6.3,100.0,91.2,989.1,989.1,0.4,5.7,31.7,30.1,No
2024-06-24,Delhi,21.9,33.6,0.0,15.6,60.7,1023.5,No,4.9,7.4,37.6,13.1,16.5,63.2,62.8,1021.4,1019.7,0.8,1.7,23.9,30.7,No
2024-06-25,Mumbai,21.8,29.6,8.1,19.3,86.6,1007.0,Yes,3.5,2.6,35.5,18.2,21.4,79.4,88.2,1005.7,1009.9,7.6,4.5,25.6,26.2,Yes
2024-06-25,Pune,20.3,32.3,0.4,23.3,99.0,1013.4,No,4.3,5.2,35.5,19.9,22.9,100.0,100.0,1016.0,1011.8,5.0,3.7,24.1,30.4,No
2024-06-25,Kochi,22.0,33.3,0.5,29.3,100.0,1013.4,No,10.3,3.8,45.7,22.6,23.5,91.6,80.1,1015.4,1012.3,1.9,4.6,26.3,29.4,No
2024-06-25,Hyderabad,23.7,33.3,2.6,5.0,74.2,1024.7,Yes,4.0,1.5,25.8,4.0,4.9,64.4,68.3,1022.4,1024.4,0.8,6.3,27.0,30.1,Yes
2024-06-26,Delhi,22.4,31.2,0.2,18.4,65.3,991.1,No,11.2,8.3,43.0,13.7,18.9,78.2,63.7,988.7,991.2,3.7,4.4,26.4,27.9,No
2024-06-26,Surat,25.3,32.4,0.0,12.8,90.1,1008.7,No,4.3,7.1,31.9,9.0,14.2,100.0,100.0,1007.0,1008.9,2.6,2.0,28.6,29.1,No
2024-06-26,Ahmedabad,13.4,28.1,0.2,14.7,83.3,1016.3,No,11.0,2.5,29.1,12.7,13.6,83.2,80.6,1019.3,1016.0,2.2,1.5,16.1,25.6,No
2024-06-27,Mumbai,24.9,32.9,1.1,11.6,98.5,1009.5,Yes,2.4,6.5,23.5,9.4,11.5,98.6,100.0,1010.7,1007.6,0.4,6.1,27.3,29.2,Yes
2024-06-27,Delhi,14.9,27.1,0.3,19.6,97.6,1009.0,Yes,3.5,9.8,31.8,13.8,20.6,86.7,100.0,1012.1,1011.6,4.0,2.9,17.3,24.6,No
2024-06-27,Bangalore,14.3,22.8,6.9,11.1,91.5,996.2,Yes,2.2,5.8,30.4,10.1,9.9,100.0,92.4,995.8,995.3,4.5,3.9,17.9,21.3,Yes
2024-06-27,Kochi,22.0,31.5,8.5,22.9,100.0,1012.0,No,2.4,6.0,40.2,18.2,19.6,87.6,81.6,1010.2,1008.2,5.9,2.0,24.5,28.0,Yes
2024-06-27,Coimbatore,18.8,32.2,0.5,8.5,92.8,1001.7,Yes,4.7,0.4,27.4,6.3,9.4,85.4,100.0,1000.1,1002.8,2.7,4.7,20.0,29.7,Yes
2024-06-28,Bangalore,14.0,27.8,0.2,18.9,82.3,1003.6,Yes,3.4,5.4,35.6,18.8,17.8,89.9,67.1,1001.0,1005.7,4.4,1.9,17.0,26.4,No
2024-06-28,Chandigarh,21.3,27.0,0.4,11.4,91.5,1024.5,Yes,10.1,10.5,32.6,11.2,11.3,100.0,100.0,1024.9,1023.9,1.9,4.7,25.0,24.6,No
2024-06-28,Mumbai,20.9,26.7,7.9,28.4,80.2,1009.0,Yes,4.0,7.9,42.9,25.4,28.4,77.8,65.1,1006.9,1010.0,3.0,7.7,23.2,22.7,Yes
2024-06-28,Goa,21.0,27.1,0.1,12.8,96.3,997.1,Yes,7.9,4.7,34.0,11.3,14.7,98.8,87.8,1001.1,995.6,2.6,4.9,22.4,24.9,No
2024-06-28,Lucknow,8.1,14.5,8.3,20.9,70.2,1010.5,Yes,7.2,6.6,44.1,19.9,23.5,61.6,70.9,1011.6,1010.2,3.8,0.7,9.5,10.7,Yes
